"cam","BB","BO","TO","TB","TS","SB","Top.Roughness","Dist.FW","FPAR","Elevation","isothermal","Veg","Land.Use","Soil.Class"
"1_1",0,0,0,1,0,0,83,7595.77197265625,0.290813386440277,178.425186157227,0.518140256404877,"Woodland","Reserve","3"
"1_2",2,0,0,3,0,0,94,6584.44677734375,0.289635330438614,161.653457641602,0.51974219083786,"Woodland","Reserve","3"
"10_1",0,0,0,2,0,0,38,3300.7548828125,0.248863086104393,601.495666503906,0.505739092826843,"TallEuc","Reserve","5"
"10_2",3,0,0,0,0,0,35,2912.01049804688,0.269619524478912,587.635437011719,0.507083356380463,"TallEuc","ModifiedNative","4"
"10_3",1,0,0,1,0,0,55,3683.05126953125,0.229066148400307,532.038208007812,0.510020196437836,"TallEuc","ModifiedNative","4"
"11_1",0,0,0,3,0,1,56,2323.46752929688,0.296708732843399,467.073089599609,0.520143210887909,"TallEuc","Reserve","4"
"11_2",0,0,0,1,0,0,63,1583.13903808594,0.301588743925095,515.619384765625,0.514762938022614,"TallEuc","Reserve","4"
"11_3",1,0,0,1,0,0,47,2313.3408203125,0.281787306070328,540.470886230469,0.510629713535309,"TallEuc","Reserve","4"
"11_4",5,0,0,0,0,0,33,3152.63159179688,0.305426180362701,510.691680908203,0.517404496669769,"TallEuc","Reserve","4"
"12_1",0,0,0,1,0,1,88,2228.83764648438,0.245295181870461,578.949768066406,0.509182333946228,"Shurbland","Reserve","4"
"12_2",1,0,1,1,0,0,21,3275.6396484375,0.278195887804031,566.844787597656,0.509736716747284,"TallEuc","ModifiedNative","4"
"12_3",1,0,4,5,0,0,25,2902.21459960938,0.252601653337479,578.218994140625,0.506688952445984,"TallEuc","ModifiedNative","4"
"13_1",1,0,0,0,0,0,61,4340.67333984375,0.274805545806885,513.673889160156,0.514621436595917,"TallEuc","Reserve","4"
"13_2",1,0,0,0,0,0,53,4469.609375,0.23955275118351,580.421875,0.507286489009857,"TallEuc","ModifiedNative","4"
"16_1",0,0,0,0,0,2,19,7471.546875,0.275154292583466,431.740020751953,0.518259942531586,"TallEuc","ModifiedNative","4"
"17_1",0,0,0,1,0,0,36,6362.9560546875,0.323621541261673,438.248077392578,0.521918535232544,"TallEuc","Reserve","4"
"18_1",0,0,3,0,0,0,37,3466.01391601562,0.271933943033218,527.177612304688,0.517662107944489,"TallEuc","Reserve","4"
"18_2",0,0,1,1,0,0,31,4534.20654296875,0.331885695457458,546.861267089844,0.513567984104156,"TallEuc","ModifiedNative","4"
"18_3",0,0,0,1,0,0,61,4191.60205078125,0.329193919897079,378.760375976562,0.521336138248444,"Woodland","Reserve","4"
"18_4",5,0,0,0,0,0,37,3466.01391601562,0.271933943033218,527.177612304688,0.517662107944489,"TallEuc","Reserve","4"
"19_1",0,0,0,0,0,0,79,2972.81811523438,0.323922902345657,517.893798828125,0.512408494949341,"TallEuc","Reserve","4"
"2_1",0,0,0,3,0,1,27,11002.87109375,0.352459460496902,311.286529541016,0.511606574058533,"Woodland","Reserve","3"
"2_2",0,0,0,2,0,0,106,10378.759765625,0.315107077360153,249.240264892578,0.51231175661087,"TallEuc","Reserve","3"
"2_3",0,0,0,4,0,0,31,8420.328125,0.328799098730087,128.149673461914,0.523271918296814,"TallEuc","Reserve","3"
"20_1",1,0,0,0,0,0,126,6081.89697265625,0.339349418878555,312.741607666016,0.529242753982544,"Woodland","Reserve","4"
"21_1",0,0,0,0,0,1,29,3331.3369140625,0.32062965631485,489.982513427734,0.516156017780304,"Woodland","Reserve","4"
"22_1",0,0,1,0,1,0,25,1685.17407226562,0.242727786302567,651.881713867188,0.507102787494659,"Shurbland","ModifiedNative","5"
"23_1",0,0,0,1,0,0,28,3917.0615234375,0.28128907084465,159.547012329102,0.531556010246277,"TallEuc","Reserve","11"
"23_2",0,0,0,0,0,4,72,6879.43701171875,0.30281338095665,273.240386962891,0.530129551887512,"Woodland","Reserve","11"
"23_3",0,0,1,0,0,3,52,7872.90234375,0.29092863202095,381.180938720703,0.519990921020508,"TallEuc","Reserve","11"
"24_1",0,0,0,0,0,0,49,11727.501953125,0.343096762895584,350.268524169922,0.528294742107391,"TallEuc","ModifiedNative","4"
"25_2",0,0,0,2,0,0,30,11682.7841796875,0.336683988571167,425.795166015625,0.524462521076202,"TallEuc","Reserve","4"
"26_3",0,0,0,0,0,2,107,10283.19921875,0.271840244531631,447.262817382812,0.522742688655853,"TallEuc","ModifiedNative","4"
"27_3",0,0,0,3,0,0,42,9763.17578125,0.311671704053879,845.617858886719,0.487059146165848,"TallEuc","Reserve","5"
"28_1",1,0,0,0,0,0,43,8079.8779296875,0.30682384967804,898.561828613281,0.481859087944031,"TallEuc","Reserve","5"
"28_2",2,0,0,0,0,0,138,8091.505859375,0.313412487506866,830.322570800781,0.49326691031456,"TallEuc","Reserve","5"
"29_1",0,0,1,0,0,0,31,770.901733398438,0.42557829618454,252.96647644043,0.532391488552094,"TallEuc","Farming","12"
"29_2",1,1,0,1,0,0,33,7146.85009765625,0.338489025831223,336.349090576172,0.530829966068268,"TallEuc","Reserve","4"
"29_4",0,0,1,0,0,0,30,2060.26635742188,0.402559012174606,391.433746337891,0.531116604804993,"Human/Other","Reserve","4"
"29_5",0,1,0,0,0,0,21,5037.515625,0.36094543337822,325.649230957031,0.529609143733978,"TallEuc","ModifiedNative","4"
"3_1",0,0,0,1,0,0,24,12301.9873046875,0.237799510359764,641.335266113281,0.494500190019608,"Shurbland","ModifiedNative","4"
"3_2",0,0,0,0,0,0,95,13608.96875,0.235170096158981,741.001403808594,0.489415138959885,"TallEuc","Reserve","4"
"3_3",0,0,0,1,0,2,126,13308.0458984375,0.239053413271904,717.655151367188,0.49035370349884,"TallEuc","ModifiedNative","4"
"3_4",0,0,0,0,0,5,19,13503.0576171875,0.283023536205292,904.232055664062,0.473910987377167,"TallEuc","Reserve","4"
"3_5",0,0,0,0,0,0,104,12327.2666015625,0.234393984079361,894.348571777344,0.471649497747421,"TallEuc","Reserve","13"
"3_6",0,0,0,0,0,1,23,11770.06640625,0.226728454232216,883.058166503906,0.471697211265564,"TallEuc","Reserve","4"
"3_7",0,0,0,0,0,3,25,8234.912109375,0.284080922603607,860.261779785156,0.474596381187439,"Woodland","Reserve","4"
"30_1",0,0,0,1,0,0,27,7486.1240234375,0.305472910404205,674.779235839844,0.503718614578247,"TallEuc","ModifiedNative","5"
"30_2",0,0,1,0,0,0,21,7014.38671875,0.301355421543121,643.795349121094,0.506072700023651,"TallEuc","Reserve","5"
"32_1",0,0,0,3,0,0,50,7760.35595703125,0.314386636018753,648.014892578125,0.51012110710144,"TallEuc","ModifiedNative","4"
"33_3",0,0,0,6,0,0,48,10792.65625,0.345175117254257,703.005310058594,0.498879700899124,"TallEuc","ModifiedNative","4"
"34_1",0,0,1,2,0,0,52,2060.580078125,0.396452128887177,371.515472412109,0.523141086101532,"Woodland","ModifiedNative","4"
"35_2",0,0,0,0,0,3,59,7881.68115234375,0.285449802875519,247.863967895508,0.52675998210907,"TallEuc","Reserve","4"
"37_1",0,0,0,0,0,2,61,10451.1396484375,0.397325962781906,458.238250732422,0.522020936012268,"Human/Other","Farming","4"
"37_3",0,0,1,0,0,0,57,9199.421875,0.249630495905876,412.900421142578,0.52203756570816,"Woodland","Reserve","4"
"37_4",1,0,0,1,0,0,19,7093.158203125,0.32547801733017,314.231414794922,0.523711740970612,"Human/Other","Plantation","4"
"37_5",0,0,0,0,0,2,71,10268.587890625,0.255328893661499,846.162414550781,0.48052915930748,"TallEuc","ModifiedNative","4"
"38_1",1,0,0,8,0,1,123,12840.541015625,0.227439194917679,765.688293457031,0.495943576097488,"Woodland","ModifiedNative","4"
"38_2",0,0,0,7,0,3,86,13080.595703125,0.231850013136864,691.014709472656,0.505016982555389,"TallEuc","Reserve","4"
"39_2",0,0,0,3,0,0,63,12393.9736328125,0.243456587195396,677.886657714844,0.501621425151825,"Woodland","Reserve","4"
"39_3",0,0,0,2,0,0,63,12393.9736328125,0.243456587195396,677.886657714844,0.501621425151825,"Woodland","Reserve","4"
"4_1",0,0,0,0,2,1,89,4874.78076171875,0.210004329681396,873.307678222656,0.469206064939499,"TallEuc","Reserve","13"
"4_2",4,0,0,0,0,1,20,1640.03356933594,0.336387932300568,794.892761230469,0.480906695127487,"Grassland","Reserve","8"
"4_3",0,0,0,0,0,5,19,3309.0458984375,0.260541945695877,734.148071289062,0.485420167446136,"Rainforest","Reserve","8"
"40_2",0,0,0,2,0,4,34,2314.53100585938,0.331666827201843,42.7325782775879,0.531651318073273,"Human/Other","MiningEtc","8"
"42_6",0,0,0,0,0,4,107,13109.314453125,0.26169154047966,130.761840820312,0.523627936840057,"TallEuc","Reserve","8"
"43_2",0,0,0,0,0,1,75,4943.12548828125,0.283800065517426,332.722991943359,0.519825100898743,"Woodland","Reserve","8"
"44_1",0,0,0,2,0,2,58,7892.078125,0.203871041536331,461.670349121094,0.506495237350464,"Rainforest","Reserve","4"
"44_2",4,0,0,1,0,7,58,7892.078125,0.203871041536331,461.670349121094,0.506495237350464,"Rainforest","Reserve","4"
"44_3",0,0,0,2,0,3,56,10259.46875,0.212256655097008,714.555603027344,0.486743479967117,"TallEuc","Reserve","4"
"45_1",0,0,0,1,0,0,32,5068.30322265625,0.193422749638557,823.169982910156,0.477238297462463,"Rainforest","Reserve","4"
"45_2",0,0,0,0,0,0,171,4838.17529296875,0.181088909506798,754.971008300781,0.481859713792801,"Rainforest","Reserve","4"
"46_1",0,0,0,0,0,0,175,14475.333984375,0.237055465579033,834.72705078125,0.47892239689827,"TallEuc","ModifiedNative","4"
"47_1",0,0,0,5,0,0,31,8931.650390625,0.26080521941185,520.489013671875,0.508614957332611,"TallEuc","ModifiedNative","4"
"47_2",0,0,0,4,0,0,94,8713.767578125,0.195762142539024,535.35205078125,0.50599730014801,"Woodland","Reserve","4"
"47_3",0,0,1,2,0,1,66,9562.0908203125,0.20306085050106,486.814697265625,0.507302641868591,"TallEuc","Reserve","4"
"48_1",0,0,0,6,0,2,28,8995.548828125,0.246523186564445,642.178894042969,0.496556848287582,"Human/Other","Plantation","4"
"48_2",0,0,0,0,0,6,41,8999.099609375,0.207186833024025,587.007629394531,0.502175033092499,"Shurbland","Reserve","4"
"48_3",0,0,0,0,2,0,53,11761.3369140625,0.211876347661018,806.151306152344,0.477001875638962,"Human/Other","Plantation","4"
"48_4",0,0,0,2,1,0,81,11013.6875,0.193812042474747,676.862670898438,0.492561101913452,"TallEuc","Reserve","4"
"48_5",0,0,0,5,0,3,28,9751.4384765625,0.197635844349861,672.43359375,0.494651943445206,"Rainforest","Reserve","4"
"49_1",0,0,0,3,0,2,89,4248.5,0.234893754124641,837.939819335938,0.479956060647964,"Shurbland","Reserve","4"
"49_3",0,0,0,10,1,6,89,4248.5,0.234893754124641,837.939819335938,0.479956060647964,"Shurbland","Reserve","4"
"5_1",0,0,3,0,0,0,119,5538.220703125,0.280753344297409,331.001098632812,0.52447122335434,"TallEuc","ModifiedNative","4"
"5_2",2,0,0,2,0,0,131,6530.29638671875,0.358295202255249,283.774505615234,0.529328167438507,"Woodland","Reserve","4"
"50_1",0,0,0,0,0,0,166,4370.6318359375,0.222675204277039,593.576782226562,0.495230674743652,"TallEuc","Reserve","4"
"51_1",0,0,0,1,0,0,35,10869.623046875,0.325192928314209,109.349647521973,0.514090180397034,"Woodland","Reserve","11"
"51_3",2,0,0,0,0,1,60,12799.7705078125,0.324905693531036,174.475799560547,0.512711882591248,"Woodland","ModifiedNative","4"
"52_1",0,1,0,3,0,1,22,12175.4052734375,0.220527336001396,488.216888427734,0.502303183078766,"TallEuc","ModifiedNative","5"
"52_2",0,0,0,0,0,1,54,12174.2255859375,0.179369747638702,498.714019775391,0.499321103096008,"Human/Other","Plantation","5"
"52_3",0,0,0,0,0,0,65,12799.1533203125,0.215404540300369,494.449829101562,0.498076915740967,"TallEuc","Reserve","5"
"53_2",2,0,0,3,0,0,58,10883.5712890625,0.23467293381691,552.504699707031,0.502223372459412,"Woodland","Reserve","4"
"54_1",2,0,0,6,0,0,153,12980.5361328125,0.200690135359764,500.409088134766,0.495407164096832,"TallEuc","Reserve","4"
"54_2",0,0,0,2,0,0,30,12218.8173828125,0.200485810637474,557.751220703125,0.494199424982071,"Rainforest","Reserve","4"
"54_3",1,0,0,0,0,6,33,14877.7109375,0.199578180909157,553.286926269531,0.495644152164459,"Human/Other","Plantation","4"
"55_1",0,0,0,0,0,1,87,18067.830078125,0.194214046001434,617.933959960938,0.494180887937546,"Human/Other","Plantation","4"
"57_1",0,0,0,0,0,0,51,20525.951171875,0.191457346081734,323.468566894531,0.513380765914917,"Human/Other","Plantation","4"
"57_2",0,0,0,0,0,2,51,20525.951171875,0.191457346081734,323.468566894531,0.513380765914917,"Human/Other","Plantation","4"
"57_3",0,0,0,12,0,0,73,20294.140625,0.174879044294357,330.942443847656,0.51238340139389,"TallEuc","ModifiedNative","4"
"58_1",0,0,0,0,0,1,157,12205.341796875,0.20013515651226,650.888549804688,0.494235932826996,"Rainforest","Reserve","4"
"59_1",0,0,0,0,0,1,37,11398.3427734375,0.192870050668716,602.946838378906,0.4989874958992,"Rainforest","ModifiedNative","4"
"59_2",0,0,0,0,0,6,47,11051.16015625,0.190963670611382,417.134887695312,0.508577823638916,"TallEuc","ModifiedNative","4"
"6_2",1,0,2,3,0,1,59,5667.71923828125,0.267767429351807,386.636932373047,0.520577251911163,"TallEuc","ModifiedNative","4"
"60_1",0,0,0,0,0,1,110,16559.919921875,0.242095217108727,427.098693847656,0.505010545253754,"Woodland","Reserve","4"
"60_2",1,0,0,0,0,0,157,16231.451171875,0.191866472363472,465.053039550781,0.501802980899811,"Rainforest","Reserve","4"
"60_3",0,0,0,0,0,3,44,19700.798828125,0.307435095310211,208.690902709961,0.513818025588989,"TallEuc","Reserve","4"
"60_5",0,0,0,0,1,0,31,13618.439453125,0.194808200001717,425.5,0.507116973400116,"TallEuc","ModifiedNative","4"
"61_1",0,0,0,1,0,0,41,17635.541015625,0.275518506765366,109.966827392578,0.516361236572266,"TallEuc","Reserve","10"
"61_2",0,0,0,0,0,1,68,18709.841796875,0.273888558149338,167.636856079102,0.5144322514534,"TallEuc","Reserve","4"
"62_1",0,0,0,0,0,2,19,15491.25390625,0.317332834005356,94.7326812744141,0.516710758209229,"Woodland","Reserve","10"
"62_2",1,0,0,3,0,3,47,16737.021484375,0.314750194549561,129.887176513672,0.515358984470367,"Grassland","Reserve","10"
"62_3",2,0,0,2,0,0,47,16737.021484375,0.314750194549561,129.887176513672,0.515358984470367,"Grassland","Reserve","10"
"63_1",0,0,0,3,0,0,94,10942.0419921875,0.240033328533173,249.626968383789,0.508859515190125,"TallEuc","Reserve","4"
"63_2",0,0,0,6,0,0,57,10622.7353515625,0.246865600347519,175.205383300781,0.510895013809204,"TallEuc","ModifiedNative","8"
"63_3",0,0,0,2,0,0,92,10068.2822265625,0.243011504411697,212.447128295898,0.507813930511475,"TallEuc","Reserve","4"
"64_1",0,0,0,0,2,0,101,8136.76220703125,0.207403585314751,449.599761962891,0.498249500989914,"Rainforest","Plantation","4"
"65_1",0,0,0,0,0,1,141,3697.3486328125,0.208121135830879,461.334045410156,0.507766485214233,"TallEuc","Reserve","4"
"65_2",1,0,0,0,0,2,126,5391.49462890625,0.203252643346786,609.2822265625,0.487008690834045,"TallEuc","Reserve","4"
"65_3",0,0,0,10,0,4,73,5540.35986328125,0.216668277978897,445.870971679688,0.506840825080872,"Woodland","Reserve","4"
"66_1",0,0,0,0,0,0,57,7083.9619140625,0.217290967702866,261.317077636719,0.507017552852631,"Woodland","Reserve","4"
"67_1",1,0,0,2,0,7,22,13787.3134765625,0.244144797325134,144.427810668945,0.509032130241394,"Woodland","Reserve","4"
"68_1",0,0,0,6,0,0,18,15947.6826171875,0.30076014995575,116.260551452637,0.507708847522736,"Woodland","Reserve","4"
"68_2",1,0,0,0,0,3,24,14929.2060546875,0.332969158887863,120.667129516602,0.508449912071228,"Grassland","Reserve","4"
"68_3",0,0,0,0,0,1,31,13304.1552734375,0.310101896524429,136.184783935547,0.509547114372253,"Shurbland","Reserve","4"
"69_1",0,0,0,0,0,3,53,2214.72924804688,0.293099790811539,18.7264995574951,0.51551079750061,"Woodland","Reserve","4"
"7_1",0,0,0,0,0,1,141,6205.01220703125,0.253053307533264,354.774200439453,0.519881784915924,"Woodland","ModifiedNative","4"
"7_2",0,0,0,0,0,0,73,7014.9716796875,0.303475230932236,380.035797119141,0.519158124923706,"Woodland","Reserve","4"
"70_1",1,0,0,0,0,2,29,11761.6650390625,0.25296887755394,47.1805877685547,0.50968062877655,"TallEuc","Reserve","4"
"70_2",1,0,0,0,0,0,54,16613.60546875,0.245512455701828,120.33154296875,0.49825856089592,"TallEuc","Reserve","4"
"73_1",7,0,0,0,0,6,53,6524.56494140625,0.166523277759552,194.918930053711,0.50136923789978,"Human/Other","Plantation","8"
"73_2",1,0,0,2,0,6,15,7199.66845703125,0.187440440058708,185.301208496094,0.503834664821625,"Human/Other","Plantation","8"
"73_3",1,0,0,0,0,5,24,5853.7646484375,0.181400626897812,160.008514404297,0.502837657928467,"Woodland","Reserve","8"
"74_1",0,0,0,0,0,1,81,10527.9970703125,0.259472787380219,367.056671142578,0.493940234184265,"Woodland","Reserve","8"
"74_2",0,0,0,0,0,1,119,9266.078125,0.19071438908577,510.920745849609,0.481256037950516,"Human/Other","Reserve","4"
"74_3",2,0,0,3,0,0,36,8327.8046875,0.168034583330154,200.535781860352,0.500661015510559,"Human/Other","Plantation","8"
"75_1",1,0,0,0,0,0,16,7290.826171875,0.314478605985641,136.913284301758,0.504574596881866,"Shurbland","ModifiedNative","8"
"75_2",1,0,0,0,0,0,22,8068.505859375,0.292367279529572,125.842575073242,0.504081249237061,"Woodland","Reserve","8"
"75_3",0,0,0,0,0,0,70,10587.7958984375,0.327576518058777,118.862815856934,0.500582098960876,"Woodland","Reserve","8"
"75_4",5,0,0,1,0,1,21,4254.1298828125,0.29731497168541,79.639289855957,0.499458223581314,"Woodland","Reserve","8"
"75_5",3,0,0,0,0,0,43,2786.02319335938,0.313625365495682,184.699188232422,0.496997863054276,"Woodland","Reserve","4"
"75_6",1,0,0,1,0,0,18,665.689880371094,0.27008256316185,102.103485107422,0.501310408115387,"Human/Other","Reserve","8"
"76_1",0,0,0,5,0,0,20,504.389190673828,0.310743629932404,16.8295516967773,0.509973526000977,"Human/Other","Farming","13"
"76_2",0,0,0,2,0,7,20,504.389190673828,0.310743629932404,16.8295516967773,0.509973526000977,"Human/Other","Farming","13"
"76_3",0,0,0,12,0,2,7,344.287536621094,0.279230207204819,16.7328205108643,0.509884595870972,"Rainforest","Reserve","6"
"8_1",0,0,12,4,0,4,106,3812.02978515625,0.222198784351349,550.494323730469,0.510329842567444,"TallEuc","ModifiedNative","4"
"9_1",0,0,0,0,0,1,41,2254.2958984375,0.294859200716019,606.853210449219,0.505111634731293,"TallEuc","Reserve","4"
"9_2",0,0,0,4,0,0,53,2460.681640625,0.335790932178497,596.083557128906,0.506855070590973,"TallEuc","Reserve","4"
"9_3",0,0,0,0,0,1,113,3460.77270507812,0.200992211699486,603.066162109375,0.508375227451324,"TallEuc","Reserve","4"
"AF-N1",0,0,0,1,0,0,41,7614.365234375,0.26905569434166,380.887420654297,0.526690065860748,"TallEuc","ModifiedNative","9"
"AF-N1_S4-5",0,0,0,0,0,0,41,7614.365234375,0.26905569434166,380.887420654297,0.526690065860748,"TallEuc","ModifiedNative","9"
"AF-N3_S4-7",0,0,0,1,0,1,178,1057.42004394531,0.172272279858589,409.421295166016,0.510268330574036,"Woodland","Reserve","13"
"AF-N5",0,0,0,1,0,0,90,518.841430664062,0.309708744287491,426.012786865234,0.511937201023102,"Woodland","ModifiedNative","13"
"AF-S1-C1_S2-7",0,0,0,5,0,1,52,7289.35400390625,0.288984417915344,606.596374511719,0.497394382953644,"TallEuc","Reserve","9"
"AF-S1-C2_S2-5",3,0,0,3,0,0,18,7492.783203125,0.243080273270607,530.309936523438,0.503120422363281,"Grassland","Reserve","9"
"AF-S1-C3",0,16,0,37,0,9,42,11316.3486328125,0.24038453400135,501.177581787109,0.504586756229401,"Shurbland","Reserve","9"
"AF-S1-C3_S2-3",0,2,0,3,0,0,42,11316.3486328125,0.24038453400135,501.177581787109,0.504586756229401,"Shurbland","Reserve","9"
"AF-S1-C4",0,0,0,27,0,10,61,13011.9833984375,0.223497748374939,577.439453125,0.499311685562134,"Rainforest","Reserve","13"
"AF-S1-C5_S2-6",0,0,27,3,0,18,45,13500.94140625,0.20896352827549,551.979125976562,0.504925906658173,"Rainforest","Reserve","13"
"AF-S10-C1",17,0,0,3,0,25,10,7874.26318359375,0.181851640343666,374.855438232422,0.529052376747131,"TallEuc","ModifiedNative","4"
"AF-S10-C2",2,0,0,2,0,35,41,7614.365234375,0.26905569434166,380.887420654297,0.526690065860748,"TallEuc","ModifiedNative","9"
"AF-S10-C3",0,0,0,2,0,18,40,8104.45068359375,0.233315452933311,378.574066162109,0.527972340583801,"Human/Other","Plantation","4"
"AF-S10-C3_S1-3",0,0,0,2,0,4,40,8104.45068359375,0.233315452933311,378.574066162109,0.527972340583801,"Human/Other","Plantation","4"
"AF-S10-C4",0,0,0,2,0,9,24,10075.919921875,0.19280569255352,380.136322021484,0.531270563602448,"TallEuc","ModifiedNative","13"
"AF-S10-C4_S1-2",0,0,0,0,0,13,24,10075.919921875,0.19280569255352,380.136322021484,0.531270563602448,"TallEuc","ModifiedNative","13"
"AF-S10-C5",8,0,0,1,0,20,150,10720.58984375,0.212832987308502,391.411315917969,0.530344188213348,"TallEuc","Reserve","4"
"AF-S10-C5_S1-3",0,0,1,2,0,27,150,10720.58984375,0.212832987308502,391.411315917969,0.530344188213348,"TallEuc","Reserve","4"
"AF-S2-C1",12,0,0,9,0,6,100,2349.18823242188,0.176252856850624,458.112487792969,0.504606604576111,"Woodland","ModifiedNative","13"
"AF-S2-C3",0,0,0,10,0,16,74,1494.12194824219,0.1876490265131,480.269409179688,0.507803916931152,"Woodland","ModifiedNative","13"
"AF-S2-C4_S3-5",0,0,0,9,0,12,74,1494.12194824219,0.1876490265131,480.269409179688,0.507803916931152,"Woodland","ModifiedNative","13"
"AF-S2-C5",0,0,0,10,0,35,3,241.508392333984,0.430607914924622,351.945129394531,0.514705896377563,"Woodland","Reserve","9"
"AF-S2-C5_S1-2",0,0,0,0,0,2,3,241.508392333984,0.430607914924622,351.945129394531,0.514705896377563,"Woodland","Reserve","9"
"AF-S3-C1",0,0,0,5,0,5,152,341.52978515625,0.357169300317764,384.974456787109,0.513179361820221,"Rainforest","ModifiedNative","9"
"AF-S3-C2",0,0,0,13,0,3,65,502.811614990234,0.335882484912872,331.804107666016,0.514942228794098,"Woodland","Reserve","9"
"AF-S3-C3",0,0,0,10,0,11,93,1241.17028808594,0.232307389378548,411.130859375,0.509208619594574,"TallEuc","ModifiedNative","13"
"AF-S3-C4",0,0,0,4,0,5,104,788.117248535156,0.149858862161636,397.238250732422,0.508127868175507,"Rainforest","ModifiedNative","13"
"AF-S3-C4_S1-2",0,0,0,4,0,7,104,788.117248535156,0.149858862161636,397.238250732422,0.508127868175507,"Rainforest","ModifiedNative","13"
"AF-S4-C1",1,0,1,39,3,0,105,2188.06469726562,0.170007452368736,546.784484863281,0.499860018491745,"TallEuc","Reserve","13"
"AF-S4-C1_S1-2",0,0,0,14,1,0,105,2188.06469726562,0.170007452368736,546.784484863281,0.499860018491745,"TallEuc","Reserve","13"
"AF-S4-C2_S4-8",8,0,0,4,0,2,123,1308.32592773438,0.15454526245594,468.402954101562,0.511664867401123,"Rainforest","Reserve","13"
"AF-S4-C3",3,0,0,24,0,1,123,1308.32592773438,0.15454526245594,468.402954101562,0.511664867401123,"Rainforest","Reserve","13"
"AF-S4-C4",1,0,0,0,0,1,94,1117.04321289062,0.177496775984764,445.726684570312,0.514510333538055,"TallEuc","Reserve","13"
"AF-S4-C4_S3-4",1,0,0,4,0,0,94,1117.04321289062,0.177496775984764,445.726684570312,0.514510333538055,"TallEuc","Reserve","13"
"AF-S4-C5_S3-7",0,0,0,13,0,3,105,670.988708496094,0.292889773845673,372.891967773438,0.512554585933685,"Rainforest","Reserve","9"
"AF-S5-C1",1,0,0,9,0,30,19,1021.21722412109,0.256446927785873,443.245361328125,0.513589859008789,"Grassland","Reserve","9"
"AF-S5-C1_S1-2",0,0,0,4,0,5,19,1021.21722412109,0.256446927785873,443.245361328125,0.513589859008789,"Grassland","Reserve","9"
"AF-S5-C2",0,0,0,4,0,14,25,1838.71240234375,0.268874555826187,380.615234375,0.515265107154846,"Woodland","Reserve","9"
"AF-S5-C2_S1-2",0,0,0,2,0,6,19,1021.21722412109,0.256446927785873,443.245361328125,0.513589859008789,"Grassland","Reserve","9"
"AF-S5-C3",15,0,0,17,0,11,65,584.979064941406,0.348110914230347,474.431854248047,0.512389242649078,"Woodland","Reserve","13"
"AF-S5-C4_S1-2",1,0,0,2,0,5,25,1838.71240234375,0.268874555826187,380.615234375,0.515265107154846,"Woodland","Reserve","9"
"AF-S5-C4_S4-7",0,0,0,1,0,14,25,1838.71240234375,0.268874555826187,380.615234375,0.515265107154846,"Woodland","Reserve","9"
"AF-S5-C5_S1-2",2,0,0,1,0,11,11,1846.13525390625,0.307963639497757,400.894439697266,0.514112174510956,"Woodland","Reserve","9"
"AF-S5-C5_S3-5",4,0,0,1,0,29,11,1846.13525390625,0.307963639497757,400.894439697266,0.514112174510956,"Woodland","Reserve","9"
"AF-S6-C1",0,0,0,0,0,2,25,1838.71240234375,0.268874555826187,380.615234375,0.515265107154846,"Woodland","Reserve","9"
"AF-S6-C1_S1-3",0,0,0,1,4,5,17,2126.302734375,0.284507423639297,430.869262695312,0.512889385223389,"Woodland","Reserve","9"
"AF-S6-C1_S4-5",0,0,0,0,1,1,17,2126.302734375,0.284507423639297,430.869262695312,0.512889385223389,"Woodland","Reserve","9"
"AF-S6-C2_S1-2",0,0,0,2,2,9,37,1387.40966796875,0.229685842990875,416.321411132812,0.512033045291901,"Woodland","Reserve","9"
"AF-S6-C2_S4-6",0,0,0,1,2,25,37,1387.40966796875,0.229685842990875,416.321411132812,0.512033045291901,"Woodland","Reserve","9"
"AF-S6-C3",0,0,4,1,1,23,17,2122.82421875,0.335338026285172,453.564788818359,0.508812367916107,"Shurbland","Reserve","9"
"AF-S6-C4",0,0,2,1,8,36,17,2122.82421875,0.335338026285172,453.564788818359,0.508812367916107,"Shurbland","Reserve","9"
"AF-S6-C5",0,0,1,6,5,31,17,2122.82421875,0.335338026285172,453.564788818359,0.508812367916107,"Shurbland","Reserve","9"
"AF-S7-C3",25,0,0,20,0,24,42,867.32666015625,0.215202614665031,333.234802246094,0.511001110076904,"Woodland","ModifiedNative","13"
"AF-S7-C4",7,0,30,25,0,24,59,815.801452636719,0.209892779588699,353.142608642578,0.508808314800262,"Woodland","ModifiedNative","13"
"AF-S7-C5",3,0,21,16,0,19,63,1173.14526367188,0.219052627682686,351.636474609375,0.508633434772491,"Woodland","Reserve","13"
"AF-S8-C1",1,0,2,2,0,34,37,5208.2802734375,0.180775687098503,493.832733154297,0.515020906925201,"TallEuc","ModifiedNative","9"
"AF-S8-C2",0,0,4,3,0,34,37,5208.2802734375,0.180775687098503,493.832733154297,0.515020906925201,"TallEuc","ModifiedNative","9"
"AF-S8-C3",0,0,3,1,0,13,11,5214.6220703125,0.204956755042076,399.517364501953,0.521844685077667,"TallEuc","ModifiedNative","4"
"AF-S8-C4_S1-2",2,0,5,0,0,1,28,4384.11181640625,0.181985020637512,389.399505615234,0.522313058376312,"TallEuc","ModifiedNative","4"
"AF-S8-C4_S3-7",0,0,13,11,4,14,28,4384.11181640625,0.181985020637512,389.399505615234,0.522313058376312,"TallEuc","ModifiedNative","4"
"AF-S8-C5",0,0,6,8,2,12,87,3887.07250976562,0.239816069602966,504.475402832031,0.517099559307098,"TallEuc","ModifiedNative","4"
"AF-S8-C5_S1-3",3,0,3,1,1,0,87,3887.07250976562,0.239816069602966,504.475402832031,0.517099559307098,"TallEuc","ModifiedNative","4"
"AF-S9-C1",0,0,0,1,0,23,23,6440.3828125,0.191191211342812,377.323425292969,0.526743769645691,"TallEuc","ModifiedNative","9"
"AF-S9-C2",0,0,0,0,0,48,33,5617.16552734375,0.177641406655312,460.761871337891,0.52339106798172,"TallEuc","ModifiedNative","9"
"AF-S9-C2_S1-2",0,0,0,0,0,12,33,5617.16552734375,0.177641406655312,460.761871337891,0.52339106798172,"TallEuc","ModifiedNative","9"
"AF-S9-C3",0,0,0,0,0,22,95,3761.54296875,0.227915108203888,697.74658203125,0.498501360416412,"TallEuc","Reserve","9"
"AF-S9-C3_S1-3",0,0,0,0,1,14,95,3761.54296875,0.227915108203888,697.74658203125,0.498501360416412,"TallEuc","Reserve","9"
"AF-S9-C4",0,1,0,37,0,38,34,6754.22119140625,0.263873159885406,378.304534912109,0.527499139308929,"TallEuc","ModifiedNative","4"
"AF-S9-C4_S1-3",0,0,0,1,6,26,34,6754.22119140625,0.263873159885406,378.304534912109,0.527499139308929,"TallEuc","ModifiedNative","4"
"AF-S9-C5_S1-2",0,0,0,16,0,3,25,7713.3818359375,0.226363927125931,374.125732421875,0.528360843658447,"TallEuc","ModifiedNative","13"
"AF-S9-C5_S4-7",0,0,0,21,0,3,25,7713.3818359375,0.226363927125931,374.125732421875,0.528360843658447,"TallEuc","ModifiedNative","13"
"BF-N2",0,0,0,0,0,2,5,2798.18530273438,0.24877342581749,50.7391700744629,0.497979074716568,"Human/Other","Farming","9"
"BF-S1-C1",6,0,0,26,0,0,11,4277.5341796875,0.20949599146843,151.543991088867,0.506670951843262,"Rainforest","Reserve","13"
"BF-S1-C2",2,0,0,5,0,3,41,3534.091796875,0.228371843695641,56.0721588134766,0.516551434993744,"Rainforest","Reserve","13"
"BF-S1-C4",0,0,0,0,0,2,120,4917.9599609375,0.193473517894745,91.838264465332,0.514773905277252,"Rainforest","Reserve","11"
"BF-S1-C5_S1-2",9,0,0,0,0,1,83,7305.6943359375,0.257317364215851,214.011077880859,0.505287647247314,"Rainforest","Reserve","11"
"BF-S10-C1",19,3,20,2,0,0,9,9156.5390625,0.18686817586422,70.5133209228516,0.513504803180695,"TallEuc","ModifiedNative","4"
"BF-S10-C2_S1-2",6,0,0,1,3,28,22,923.525207519531,0.186138898134232,63.4892120361328,0.504729747772217,"TallEuc","Reserve","4"
"BF-S10-C3",0,0,0,53,0,7,16,10027.236328125,0.199789687991142,57.2522468566895,0.514986097812653,"Rainforest","ModifiedNative","6"
"BF-S10-C4",4,0,0,0,2,15,16,6575.98193359375,0.181639343500137,63.9975051879883,0.511393249034882,"TallEuc","ModifiedNative","4"
"BF-S10-C5_S1-2",0,5,0,6,0,16,14,5954.48974609375,0.180999606847763,75.9025421142578,0.508601784706116,"TallEuc","ModifiedNative","4"
"BF-S2-C1",1,0,0,3,0,3,65,5167.8369140625,0.174936965107918,182.414459228516,0.5078125,"Rainforest","Reserve","13"
"BF-S2-C2_S1-3",5,0,0,0,0,20,79,8250.330078125,0.274555027484894,215.793273925781,0.507119417190552,"Grassland","Reserve","4"
"BF-S2-C3",29,0,0,3,0,34,18,8583.74609375,0.297029048204422,236.890991210938,0.505926609039307,"Grassland","Reserve","13"
"BF-S2-C4",0,0,0,2,0,13,151,8808.1513671875,0.178541719913483,205.28564453125,0.50502872467041,"Rainforest","Reserve","13"
"BF-S2-C5_S1-3",34,0,0,5,0,20,131,3226.76220703125,0.210181891918182,262.682250976562,0.505307197570801,"Rainforest","Reserve","13"
"BF-S3-C1",0,0,0,15,0,1,19,18938.62890625,0.22683373093605,154.679595947266,0.499666213989258,"Shurbland","Reserve","9"
"BF-S3-C2",0,0,0,8,0,1,7,19007.08203125,0.284998267889023,176.242919921875,0.500166654586792,"Grassland","Reserve","9"
"BF-S3-C3",0,0,0,5,0,1,30,17918.744140625,0.312602758407593,201.184677124023,0.499002665281296,"Grassland","Reserve","9"
"BF-S3-C4",0,0,0,1,0,2,21,18087.771484375,0.25163409113884,239.525955200195,0.496292620897293,"Woodland","Reserve","13"
"BF-S3-C4_S1",0,0,0,0,0,2,21,18087.771484375,0.25163409113884,239.525955200195,0.496292620897293,"Woodland","Reserve","13"
"BF-S3-C5",1,0,0,0,0,14,20,16302.041015625,0.272503226995468,230.996139526367,0.503132402896881,"Shurbland","Reserve","13"
"BF-S4-C1",5,0,0,30,0,0,34,17482.447265625,0.18434040248394,268.317718505859,0.500373184680939,"Rainforest","Reserve","13"
"BF-S4-C2",3,0,0,19,0,0,47,15166.6318359375,0.220098838210106,277.650299072266,0.498773723840714,"Woodland","Reserve","13"
"BF-S4-C3",14,0,0,52,0,0,31,16227.66796875,0.244742631912231,258.295013427734,0.498398452997208,"Shurbland","Reserve","13"
"BF-S4-C4",0,0,0,22,0,2,24,3777.14282226562,0.211251050233841,192.011932373047,0.503308117389679,"TallEuc","ModifiedNative","13"
"BF-S4-C5",7,0,0,11,0,9,23,1170.41149902344,0.273861616849899,228.758712768555,0.501520872116089,"Grassland","Reserve","13"
"BF-S5-C1",3,0,0,1,0,0,11,4275.8056640625,0.218147918581963,24.6806793212891,0.504435122013092,"Shurbland","Reserve","10"
"BF-S5-C2",0,0,0,4,0,7,10,1987.09191894531,0.232699021697044,44.6070213317871,0.501529037952423,"Shurbland","Reserve","10"
"BF-S5-C3",3,0,0,2,0,12,16,5126.751953125,0.27912774682045,57.3127212524414,0.495506823062897,"Woodland","Reserve","9"
"BF-S5-C4_S1",1,0,0,2,0,8,26,2320.09228515625,0.231587275862694,58.9066123962402,0.503349244594574,"Rainforest","ModifiedNative","6"
"BF-S5-C5",2,0,0,3,0,5,57,11346.6396484375,0.251134485006332,68.8149185180664,0.491221755743027,"Human/Other","Farming","5"
"BF-S6-C1",0,0,0,0,0,18,30,12439.0751953125,0.178485348820686,86.5287551879883,0.503231287002563,"Human/Other","Plantation","7"
"BF-S6-C2",0,0,0,1,1,35,13,13790.630859375,0.16070069372654,113.502868652344,0.501189649105072,"Human/Other","Plantation","7"
"BF-S6-C3",0,0,0,2,1,4,32,12943.365234375,0.144267290830612,91.353515625,0.502119123935699,"Human/Other","Plantation","7"
"BF-S6-C4",1,0,0,1,7,32,20,14014.3662109375,0.219770401716232,110.285339355469,0.500684022903442,"TallEuc","Plantation","7"
"BF-S6-C5",3,0,0,9,0,36,14,16578.1953125,0.270250678062439,127.202919006348,0.500452280044556,"Woodland","Reserve","9"
"BF-S7-C1",0,0,0,0,0,0,74,13090.0810546875,0.181573107838631,65.3899536132812,0.51203465461731,"Rainforest","Reserve","5"
"BF-S7-C1_S1",2,0,0,10,0,0,32,11846.5703125,0.181702241301537,52.253734588623,0.514057517051697,"TallEuc","ModifiedNative","5"
"BF-S7-C2",0,0,0,4,0,1,40,15112.2236328125,0.180295199155807,128.389846801758,0.505638718605042,"Rainforest","ModifiedNative","13"
"BF-S7-C3",10,0,0,8,0,0,27,14284.806640625,0.188596233725548,164.481338500977,0.502505421638489,"Rainforest","Reserve","13"
"BF-S7-C4",43,0,0,26,0,1,11,17882.119140625,0.27617284655571,154.550094604492,0.501709699630737,"Grassland","Reserve","9"
"BF-S7-C5",19,0,0,1,0,1,37,19536.875,0.188150241971016,131.585891723633,0.50232869386673,"Woodland","ModifiedNative","7"
"BF-S8-C1",0,0,0,2,0,1,16,8131.2919921875,0.188225701451302,201.316680908203,0.50080281496048,"Rainforest","ModifiedNative","5"
"BF-S8-C2",0,0,0,0,0,3,20,8827.337890625,0.200170695781708,183.983535766602,0.503734529018402,"Rainforest","ModifiedNative","5"
"BF-S8-C3",4,0,0,5,0,38,16,7586.5673828125,0.197085037827492,158.629211425781,0.506381869316101,"Rainforest","ModifiedNative","13"
"BF-S8-C4",0,0,0,3,0,5,13,4596.08544921875,0.18012572824955,137.371047973633,0.510416686534882,"TallEuc","ModifiedNative","13"
"BF-S8-C5",6,0,0,0,0,0,42,4919.66845703125,0.215175747871399,119.159805297852,0.514155805110931,"TallEuc","ModifiedNative","13"
"BF-S9-C1",2,0,0,0,1,24,69,7396.7685546875,0.17812667787075,97.1904449462891,0.508774757385254,"Human/Other","Plantation","5"
"BF-S9-C2",0,0,2,32,0,2,39,12544.15234375,0.200201809406281,78.702262878418,0.511766612529755,"Rainforest","ModifiedNative","11"
"BF-S9-C3",0,0,1,22,0,9,39,12968.82421875,0.214257270097733,100.339767456055,0.507427871227264,"TallEuc","ModifiedNative","4"
"BF-S9-C4_S1-3",0,0,0,17,0,12,26,11577.3798828125,0.186591893434525,109.83373260498,0.505866229534149,"Rainforest","ModifiedNative","4"
"BF-S9-C5",13,0,0,32,0,13,12,9706.7734375,0.205592155456543,63.6207427978516,0.508524596691132,"Woodland","ModifiedNative","11"
"CM-N1",0,0,2,0,0,6,28,4193.59130859375,0.299252301454544,828.482360839844,0.475900113582611,"Grassland","Reserve","5"
"CM-N2",0,0,0,0,0,0,38,2837.4521484375,0.238613367080688,325.865539550781,0.50821977853775,"Grassland","Reserve","9"
"CM-N3",0,0,0,0,0,0,18,3233.29174804688,0.234332755208015,199.029235839844,0.508241176605225,"Rainforest","Reserve","11"
"CM-N4",0,3,0,4,0,0,36,2877.13452148438,0.268187761306763,692.335510253906,0.474146753549576,"Grassland","Reserve","4"
"CM-N4_S1",0,0,0,1,0,1,36,2877.13452148438,0.268187761306763,692.335510253906,0.474146753549576,"Grassland","Reserve","4"
"CM-N5",0,0,0,0,0,6,35,25324.453125,0.179998859763145,348.759857177734,0.492797046899796,"Woodland","Reserve","5"
"CM-N5_S1",0,0,0,0,0,1,35,25324.453125,0.179998859763145,348.759857177734,0.492797046899796,"Woodland","Reserve","5"
"CM-S1-C1_S1-3",19,0,0,0,0,0,60,2637.74877929688,0.241550981998444,645.361267089844,0.49343940615654,"TallEuc","ModifiedNative","5"
"CM-S1-C2",0,0,0,0,1,1,49,3748.86206054688,0.203505471348763,573.121215820312,0.503244996070862,"Human/Other","ModifiedNative","5"
"CM-S1-C3",39,0,2,1,12,32,96,4573.36962890625,0.248855769634247,647.278930664062,0.498589873313904,"Woodland","Reserve","10"
"CM-S1-C4",7,0,0,0,0,2,88,5151.34423828125,0.212898060679436,594.387573242188,0.503320753574371,"TallEuc","Reserve","5"
"CM-S1-C5",0,0,35,16,3,29,10,7834.044921875,0.326539397239685,776.3251953125,0.485476583242416,"TallEuc","ModifiedNative","5"
"CM-S10-C1",1,0,0,3,0,4,147,30403.63671875,0.263261497020721,463.873596191406,0.484608888626099,"Woodland","Reserve","5"
"CM-S10-C2",0,0,0,5,0,1,87,29967.271484375,0.172353893518448,302.979705810547,0.494499802589417,"TallEuc","ModifiedNative","4"
"CM-S10-C2_S1",0,0,0,1,0,0,87,29967.271484375,0.172353893518448,302.979705810547,0.494499802589417,"TallEuc","ModifiedNative","4"
"CM-S10-C3",10,0,17,0,0,0,78,27580.30078125,0.19277723133564,190.602828979492,0.505640268325806,"TallEuc","Reserve","4"
"CM-S10-C4",1,12,0,1,0,14,77,28575.494140625,0.21234267950058,322.512786865234,0.49683478474617,"Woodland","Reserve","4"
"CM-S10-C5_S1-4",0,0,0,1,0,1,51,25378.765625,0.203990608453751,244.452972412109,0.499689042568207,"Woodland","ModifiedNative","4"
"CM-S2-C1",1,3,9,12,17,5,22,9118.080078125,0.315853178501129,769.543701171875,0.484989643096924,"TallEuc","ModifiedNative","5"
"CM-S2-C2",2,17,0,6,0,17,31,10487.8115234375,0.295546054840088,794.243713378906,0.485382586717606,"TallEuc","ModifiedNative","5"
"CM-S2-C3",3,25,0,7,0,17,31,10487.8115234375,0.295546054840088,794.243713378906,0.485382586717606,"TallEuc","ModifiedNative","5"
"CM-S2-C4",24,18,0,11,8,3,31,9840.134765625,0.265870630741119,798.6337890625,0.482471108436584,"TallEuc","ModifiedNative","5"
"CM-S3-C1",0,0,0,44,0,32,11,7604.50390625,0.219138219952583,693.562866210938,0.484642773866653,"TallEuc","ModifiedNative","5"
"CM-S3-C2",0,0,0,0,0,1,26,9108.740234375,0.210672661662102,708.714233398438,0.482208639383316,"TallEuc","ModifiedNative","5"
"CM-S3-C3",0,0,0,0,0,0,12,4652.97119140625,0.258477389812469,708.100830078125,0.479411751031876,"Woodland","Reserve","5"
"CM-S3-C3_S1",0,0,7,0,0,11,12,4652.97119140625,0.258477389812469,708.100830078125,0.479411751031876,"Woodland","Reserve","5"
"CM-S3-C4",1,0,0,22,0,12,82,3700.39184570312,0.200246825814247,626.314392089844,0.487806051969528,"Rainforest","ModifiedNative","5"
"CM-S3-C5",0,0,0,19,0,4,15,3260.74755859375,0.18254342675209,599.8037109375,0.490176349878311,"Rainforest","Reserve","9"
"CM-S4-C1",0,0,0,2,0,7,59,7337.33984375,0.185569405555725,226.402725219727,0.510917663574219,"Woodland","Reserve","4"
"CM-S4-C2",3,0,0,4,0,49,76,6802.39990234375,0.192736834287643,263.591796875,0.508920311927795,"Rainforest","Reserve","4"
"CM-S4-C3",14,0,0,28,0,3,77,7003.91796875,0.213506832718849,425.209289550781,0.499952614307404,"Shurbland","Reserve","9"
"CM-S4-C4",7,0,0,25,0,29,18,7575.09912109375,0.254505604505539,400.684722900391,0.499287337064743,"TallEuc","Reserve","9"
"CM-S4-C5",12,0,0,27,0,1,70,6077.361328125,0.232404574751854,549.149475097656,0.489680677652359,"Shurbland","Reserve","13"
"CM-S5-C2",0,0,0,0,0,1,106,1734.09582519531,0.186467379331589,127.729759216309,0.515354633331299,"Rainforest","Reserve","4"
"CM-S5-C3_S1-2",5,0,0,5,0,4,44,2382.56079101562,0.254856199026108,135.038879394531,0.515625,"Shurbland","Reserve","4"
"CM-S5-C4",1,0,0,19,0,0,70,5546.49462890625,0.295588970184326,277.624267578125,0.508016645908356,"Grassland","Reserve","11"
"CM-S5-C5",0,0,0,4,0,24,65,1753.94274902344,0.233538538217545,154.932800292969,0.508556306362152,"Rainforest","Reserve","5"
"CM-S6-C1_S1-3",14,0,0,40,5,0,59,6985.1259765625,0.24334591627121,235.686172485352,0.50744491815567,"Grassland","Reserve","4"
"CM-S6-C2_S1-3",16,0,0,41,11,13,57,8621.5419921875,0.213755309581757,293.710205078125,0.502842605113983,"TallEuc","Reserve","11"
"CM-S6-C3",1,0,0,3,0,41,56,10560.7138671875,0.181218042969704,393.815124511719,0.49905076622963,"Rainforest","Reserve","4"
"CM-S6-C4_S1-3",8,0,0,32,0,1,79,8139.89013671875,0.194668039679527,505.541442871094,0.490101993083954,"Grassland","Reserve","4"
"CM-S7-C1",0,0,1,23,6,0,19,5769.56884765625,0.237657710909843,610.309509277344,0.484499603509903,"Woodland","Plantation","5"
"CM-S7-C2",0,0,0,0,5,0,18,7685.22705078125,0.158175244927406,555.316772460938,0.485437870025635,"Human/Other","Plantation","5"
"CM-S7-C3",56,0,0,17,1,24,61,8319.4072265625,0.156293779611588,531.457214355469,0.488315433263779,"Human/Other","Plantation","5"
"CM-S7-C4",44,0,0,15,0,2,98,8992.58203125,0.195805430412292,498.494476318359,0.49212247133255,"Woodland","Reserve","5"
"CM-S7-C5",23,0,0,19,0,1,52,10334.5732421875,0.217131540179253,323.357452392578,0.501758515834808,"Rainforest","Reserve","4"
"CM-S8-C1_S1-3",0,0,2,22,6,10,19,8433.1240234375,0.19903253018856,605.136657714844,0.482135653495789,"Woodland","ModifiedNative","5"
"CM-S8-C2",1,0,0,16,0,9,110,11164.716796875,0.223238572478294,572.991088867188,0.484100550413132,"Human/Other","Plantation","5"
"CM-S8-C3",0,0,0,2,0,7,30,13473.5283203125,0.169833943247795,556.307556152344,0.482509672641754,"Woodland","ModifiedNative","5"
"CM-S8-C4",0,0,3,0,23,51,26,13136.009765625,0.312983095645905,556.0419921875,0.484419405460358,"Human/Other","Plantation","5"
"CM-S8-C5",0,0,0,5,7,3,27,15424.2373046875,0.247268214821815,508.946899414062,0.485150039196014,"Human/Other","Plantation","5"
"CM-S9-C1",1,0,0,13,0,24,36,20575.515625,0.20064377784729,479.197631835938,0.485732018947601,"Human/Other","Reserve","4"
"CM-S9-C2",0,1,0,9,0,10,40,27173.607421875,0.174911350011826,458.441528320312,0.48416456580162,"Human/Other","Plantation","5"
"CM-S9-C3",12,0,0,0,0,5,34,28270.884765625,0.216818928718567,378.395172119141,0.48998749256134,"Woodland","Reserve","5"
"CM-S9-C4",0,0,0,1,0,10,34,28270.884765625,0.216818928718567,378.395172119141,0.48998749256134,"Woodland","Reserve","5"
"CM-S9-C5",1,0,0,1,0,7,16,29312.94921875,0.23192410171032,448.861114501953,0.483375549316406,"Human/Other","Plantation","5"
"HR-C1",0,0,0,3,0,3,155,8701.3388671875,0.32015472650528,77.0718383789062,0.532223343849182,"TallEuc","Reserve","8"
"HR-C10",1,3,0,2,0,0,60,7507.86572265625,0.34107032418251,124.750244140625,0.533863246440887,"Woodland","Reserve","8"
"HR-C2",0,0,0,1,0,1,155,8701.3388671875,0.32015472650528,77.0718383789062,0.532223343849182,"TallEuc","Reserve","8"
"HR-C3",0,0,0,14,0,4,155,8701.3388671875,0.32015472650528,77.0718383789062,0.532223343849182,"TallEuc","Reserve","8"
"HR-C4_S1",0,0,0,4,0,0,157,7951.025390625,0.365462839603424,196.711563110352,0.521540462970734,"Human/Other","ModifiedNative","8"
"HR-C5",0,0,0,11,0,2,157,7951.025390625,0.365462839603424,196.711563110352,0.521540462970734,"Human/Other","ModifiedNative","8"
"HR-C6",0,0,0,3,0,2,155,8701.3388671875,0.32015472650528,77.0718383789062,0.532223343849182,"TallEuc","Reserve","8"
"HR-C7",0,0,0,13,0,7,157,7951.025390625,0.365462839603424,196.711563110352,0.521540462970734,"Human/Other","ModifiedNative","8"
"HR-C8",1,1,1,6,0,2,60,7507.86572265625,0.34107032418251,124.750244140625,0.533863246440887,"Woodland","Reserve","8"
"HR-C9",2,0,0,1,0,0,60,7507.86572265625,0.34107032418251,124.750244140625,0.533863246440887,"Woodland","Reserve","8"
"HR-GT",0,1,0,0,0,0,60,7507.86572265625,0.34107032418251,124.750244140625,0.533863246440887,"Woodland","Reserve","8"
"HR-TR",0,0,0,0,0,3,60,7507.86572265625,0.34107032418251,124.750244140625,0.533863246440887,"Woodland","Reserve","8"
"JC-CEN",1,0,0,2,0,0,99,9934.9853515625,0.286773085594177,152.056274414062,0.52515721321106,"TallEuc","Reserve","8"
"JC-CO-1",0,0,0,2,0,0,118,10677.5966796875,0.304444134235382,81.4096069335938,0.533799231052399,"Human/Other","Urban","8"
"JC-CO-2",0,0,0,15,0,2,99,9934.9853515625,0.286773085594177,152.056274414062,0.52515721321106,"TallEuc","Reserve","8"
"JC-CO-3_S1-6",0,0,0,0,0,3,99,9934.9853515625,0.286773085594177,152.056274414062,0.52515721321106,"TallEuc","Reserve","8"
"JC-CO-4",0,0,0,1,0,0,99,9934.9853515625,0.286773085594177,152.056274414062,0.52515721321106,"TallEuc","Reserve","8"
"JC-PM-12",0,0,0,1,0,1,99,9934.9853515625,0.286773085594177,152.056274414062,0.52515721321106,"TallEuc","Reserve","8"
"JC-PM-23",0,0,0,0,0,4,99,9934.9853515625,0.286773085594177,152.056274414062,0.52515721321106,"TallEuc","Reserve","8"
"LH-CX1",0,0,0,0,0,0,12,967.95166015625,0.283940821886063,756.942687988281,0.504915118217468,"TallEuc","Reserve","4"
"LH-CX1_S1-2",0,0,0,1,0,4,12,967.95166015625,0.283940821886063,756.942687988281,0.504915118217468,"TallEuc","Reserve","4"
"LH-CX2",0,0,0,0,0,0,58,1671.42895507812,0.293013602495193,784.275207519531,0.507306158542633,"TallEuc","ModifiedNative","4"
"LH-CX2_S1",0,0,0,0,0,0,58,1671.42895507812,0.293013602495193,784.275207519531,0.507306158542633,"TallEuc","ModifiedNative","4"
"LH-CX3_S1",0,0,0,0,0,0,19,1965.70837402344,0.281703323125839,782.919799804688,0.506541073322296,"TallEuc","Reserve","4"
"LH-N1",0,0,0,0,0,3,81,1023.64959716797,0.248502999544144,807.904663085938,0.498466819524765,"TallEuc","Reserve","4"
"LH-N2",0,0,0,0,4,0,66,1879.78540039062,0.367529690265656,723.630493164062,0.508663833141327,"Grassland","Reserve","4"
"LH-N3",1,0,0,1,0,3,76,2736.2177734375,0.300130158662796,869.354858398438,0.496116757392883,"TallEuc","Reserve","4"
"LH-N4",0,0,0,1,3,1,12,656.972473144531,0.31440657377243,785.910278320312,0.508324682712555,"Woodland","Reserve","4"
"LH-N5",0,0,0,0,0,0,15,5461.517578125,0.258370846509933,733.962097167969,0.511789262294769,"TallEuc","ModifiedNative","4"
"LH-S1-C1",0,0,0,0,0,0,16,9546.15625,0.268364548683167,428.139282226562,0.52375328540802,"Woodland","Reserve","9"
"LH-S1-C1_S1",0,0,0,0,0,0,29,8144.61474609375,0.34264612197876,539.389709472656,0.508662223815918,"Rainforest","Reserve","9"
"LH-S1-C1_S2",0,0,0,0,0,0,29,8144.61474609375,0.34264612197876,539.389709472656,0.508662223815918,"Rainforest","Reserve","9"
"LH-S1-C1_S3",0,0,0,0,0,0,29,8144.61474609375,0.34264612197876,539.389709472656,0.508662223815918,"Rainforest","Reserve","9"
"LH-S1-C2_S1",0,0,0,0,0,0,38,11478.9794921875,0.352611660957336,466.068298339844,0.515879452228546,"Shurbland","Reserve","9"
"LH-S1-C2_S2-5",0,0,0,0,0,0,38,11478.9794921875,0.352611660957336,466.068298339844,0.515879452228546,"Shurbland","Reserve","9"
"LH-S1-C3_S1",0,0,0,0,0,0,50,12328.455078125,0.327458053827286,451.155487060547,0.51688277721405,"Grassland","Reserve","9"
"LH-S1-C3_S2-6",0,0,0,0,0,2,50,12328.455078125,0.327458053827286,451.155487060547,0.51688277721405,"Grassland","Reserve","9"
"LH-S1-C4",0,0,0,0,0,0,98,14535.0283203125,0.27225324511528,438.955383300781,0.513941526412964,"Shurbland","Reserve","9"
"LH-S1-C4_S1-5",0,0,0,0,0,0,52,11536.693359375,0.285279422998428,559.249816894531,0.512035489082336,"Grassland","Reserve","9"
"LH-S1-C5",0,0,0,0,0,0,29,8144.61474609375,0.34264612197876,539.389709472656,0.508662223815918,"Rainforest","Reserve","9"
"LH-S1-C5_S1",0,0,0,0,0,0,52,11536.693359375,0.285279422998428,559.249816894531,0.512035489082336,"Grassland","Reserve","9"
"LH-S1-C5_S2-5",0,19,0,5,0,8,52,11536.693359375,0.285279422998428,559.249816894531,0.512035489082336,"Grassland","Reserve","9"
"LH-S10-C1",0,0,0,0,0,0,54,1164.69873046875,0.272420972585678,780.262634277344,0.505581915378571,"Grassland","ModifiedNative","4"
"LH-S10-C1_S1-2",0,0,0,1,0,6,54,1164.69873046875,0.272420972585678,780.262634277344,0.505581915378571,"Grassland","ModifiedNative","4"
"LH-S10-C2",5,0,2,0,0,40,84,923.605285644531,0.25093486905098,794.136291503906,0.503930389881134,"Shurbland","ModifiedNative","4"
"LH-S10-C3_S1",0,0,0,0,0,0,84,923.605285644531,0.25093486905098,794.136291503906,0.503930389881134,"Shurbland","ModifiedNative","4"
"LH-S10-C4",0,0,0,0,0,0,30,4943.87353515625,0.249458178877831,699.374877929688,0.510427474975586,"TallEuc","Reserve","4"
"LH-S10-C4_S1-2",0,0,0,0,0,0,30,4943.87353515625,0.249458178877831,699.374877929688,0.510427474975586,"TallEuc","Reserve","4"
"LH-S2-C1",0,0,0,0,0,0,64,7005.5986328125,0.312355220317841,443.151916503906,0.516693294048309,"Woodland","Reserve","9"
"LH-S2-C1_S1-6",5,0,0,10,0,9,64,7005.5986328125,0.312355220317841,443.151916503906,0.516693294048309,"Woodland","Reserve","9"
"LH-S2-C2",6,0,0,20,0,21,64,7005.5986328125,0.312355220317841,443.151916503906,0.516693294048309,"Woodland","Reserve","9"
"LH-S2-C3",0,0,0,0,0,0,61,7853.1435546875,0.320979297161102,393.936706542969,0.521195352077484,"TallEuc","Reserve","9"
"LH-S2-C3_S1",0,0,0,0,0,0,61,7853.1435546875,0.320979297161102,393.936706542969,0.521195352077484,"TallEuc","Reserve","9"
"LH-S2-C4",0,0,0,0,0,0,61,7853.1435546875,0.320979297161102,393.936706542969,0.521195352077484,"TallEuc","Reserve","9"
"LH-S2-C4_S1",0,0,0,0,0,0,61,7853.1435546875,0.320979297161102,393.936706542969,0.521195352077484,"TallEuc","Reserve","9"
"LH-S2-C4_S2",0,0,0,1,0,0,61,7853.1435546875,0.320979297161102,393.936706542969,0.521195352077484,"TallEuc","Reserve","9"
"LH-S2-C5",0,0,0,0,0,0,46,7991.87060546875,0.338225066661835,500.574523925781,0.513724446296692,"Woodland","Reserve","9"
"LH-S2-C5_S1",0,0,0,0,0,0,46,7991.87060546875,0.338225066661835,500.574523925781,0.513724446296692,"Woodland","Reserve","9"
"LH-S3-C1_S1",0,0,1,0,0,0,37,3527.67822265625,0.339977979660034,849.442993164062,0.496073544025421,"Grassland","Reserve","4"
"LH-S3-C2",0,0,1,2,0,39,37,3527.67822265625,0.339977979660034,849.442993164062,0.496073544025421,"Grassland","Reserve","4"
"LH-S3-C3",0,3,0,2,7,42,66,1879.78540039062,0.367529690265656,723.630493164062,0.508663833141327,"Grassland","Reserve","4"
"LH-S3-C4",1,0,0,0,0,14,11,684.844116210938,0.330839961767197,766.893920898438,0.500999093055725,"Grassland","Reserve","4"
"LH-S3-C5",0,0,0,0,0,0,20,1187.763671875,0.359543979167938,735.69384765625,0.502222836017609,"TallEuc","Reserve","4"
"LH-S3-C5_S1",0,0,0,3,0,0,20,1187.763671875,0.359543979167938,735.69384765625,0.502222836017609,"TallEuc","Reserve","4"
"LH-S4-C1_S1",0,0,0,0,0,0,34,3486.28149414062,0.31510254740715,823.539245605469,0.494251281023026,"Woodland","Reserve","4"
"LH-S4-C1_S2-6",8,0,3,1,11,52,34,3486.28149414062,0.31510254740715,823.539245605469,0.494251281023026,"Woodland","Reserve","4"
"LH-S4-C2",30,0,0,0,0,11,18,2639.24047851562,0.290125846862793,758.824645996094,0.503963947296143,"Rainforest","Reserve","4"
"LH-S4-C3",0,0,0,0,0,0,9,2585.5869140625,0.30207633972168,781.815490722656,0.501628637313843,"Grassland","Reserve","4"
"LH-S4-C3_S3",1,0,0,0,0,0,9,2585.5869140625,0.30207633972168,781.815490722656,0.501628637313843,"Grassland","Reserve","4"
"LH-S4-C4",0,0,0,0,0,0,23,2043.19787597656,0.279524266719818,793.412353515625,0.503108084201813,"Grassland","Reserve","4"
"LH-S4-C4_S1-2",2,0,0,11,0,4,23,2043.19787597656,0.279524266719818,793.412353515625,0.503108084201813,"Grassland","Reserve","4"
"LH-S4-C5",21,0,0,1,0,1,25,1232.99011230469,0.284329861402512,779.00244140625,0.504034399986267,"Grassland","Reserve","4"
"LH-S5-C2",0,0,0,0,0,0,35,1991.208984375,0.308120399713516,806.714904785156,0.50134551525116,"TallEuc","Reserve","4"
"LH-S5-C2_S1",0,0,0,0,0,0,51,1169.91662597656,0.255196303129196,798.740417480469,0.499325424432755,"TallEuc","Reserve","4"
"LH-S5-C3",0,0,0,0,0,0,40,1892.70629882812,0.241990402340889,784.486083984375,0.501255810260773,"TallEuc","Reserve","4"
"LH-S5-C3_S1",0,0,0,0,0,0,40,1892.70629882812,0.241990402340889,784.486083984375,0.501255810260773,"TallEuc","Reserve","4"
"LH-S5-C4_S1",0,0,0,0,0,0,56,807.620910644531,0.267672568559647,777.925476074219,0.502288639545441,"TallEuc","Reserve","4"
"LH-S5-C5",0,0,0,0,0,0,29,1661.20788574219,0.28595170378685,790.349731445312,0.503798007965088,"Grassland","Reserve","4"
"LH-S5-C5_S2-5",0,0,3,4,0,68,29,1661.20788574219,0.28595170378685,790.349731445312,0.503798007965088,"Grassland","Reserve","4"
"LH-S6-C1",8,0,0,53,0,15,41,1536.08459472656,0.316462427377701,804.380737304688,0.502154767513275,"Rainforest","Reserve","4"
"LH-S6-C2",0,0,0,0,0,0,69,926.339904785156,0.291211634874344,825.066345214844,0.503065347671509,"Shurbland","Reserve","4"
"LH-S6-C2_S1",0,0,0,0,0,0,41,1536.08459472656,0.316462427377701,804.380737304688,0.502154767513275,"Rainforest","Reserve","4"
"LH-S6-C3",0,0,0,0,0,0,160,2189.80541992188,0.300953298807144,919.378601074219,0.487217962741852,"Rainforest","Reserve","4"
"LH-S6-C3_S1",0,0,0,6,0,1,160,2189.80541992188,0.300953298807144,919.378601074219,0.487217962741852,"Rainforest","Reserve","4"
"LH-S6-C4",2,0,0,27,1,9,54,3009.29028320312,0.327828764915466,921.871826171875,0.494665592908859,"TallEuc","Reserve","4"
"LH-S6-C5",11,0,0,54,0,18,76,2736.2177734375,0.300130158662796,869.354858398438,0.496116757392883,"TallEuc","Reserve","4"
"LH-S7-C1",0,0,0,0,0,0,103,961.718933105469,0.253719538450241,792.050537109375,0.50569760799408,"Woodland","Reserve","8"
"LH-S7-C1_S1",0,0,0,0,0,1,103,961.718933105469,0.253719538450241,792.050537109375,0.50569760799408,"Woodland","Reserve","8"
"LH-S7-C2",0,0,9,33,0,6,15,2104.52294921875,0.268329858779907,766.752136230469,0.508867084980011,"Shurbland","Reserve","4"
"LH-S7-C3",0,0,0,0,0,0,40,1753.30883789062,0.292069613933563,749.281188964844,0.510121822357178,"Woodland","ModifiedNative","4"
"LH-S7-C3_S4",0,0,0,1,0,0,40,1753.30883789062,0.292069613933563,749.281188964844,0.510121822357178,"Woodland","ModifiedNative","4"
"LH-S7-C4",0,0,0,0,0,0,41,1501.70837402344,0.26246452331543,799.322021484375,0.506222784519196,"TallEuc","ModifiedNative","8"
"LH-S7-C4_S1",0,0,0,0,0,0,18,1223.166015625,0.265084058046341,781.139953613281,0.506116628646851,"Woodland","ModifiedNative","4"
"LH-S7-C4_S2-3",0,1,0,7,1,1,18,1223.166015625,0.265084058046341,781.139953613281,0.506116628646851,"Woodland","ModifiedNative","4"
"LH-S7-C5_S1",0,0,0,0,0,0,12,656.972473144531,0.31440657377243,785.910278320312,0.508324682712555,"Woodland","Reserve","4"
"LH-S8-C1_S1",0,0,0,0,0,0,24,2927.15747070312,0.307522088289261,795.364868164062,0.508444786071777,"TallEuc","ModifiedNative","4"
"LH-S8-C2",0,3,0,5,0,54,33,2572.12866210938,0.300131261348724,815.127990722656,0.505397260189056,"TallEuc","ModifiedNative","4"
"LH-S8-C3",0,0,0,0,0,0,58,1671.42895507812,0.293013602495193,784.275207519531,0.507306158542633,"TallEuc","ModifiedNative","4"
"LH-S8-C3_S1",0,0,0,0,0,0,58,1671.42895507812,0.293013602495193,784.275207519531,0.507306158542633,"TallEuc","ModifiedNative","4"
"LH-S8-C4",0,0,0,0,0,0,52,1010.41546630859,0.273642748594284,798.128540039062,0.506707966327667,"TallEuc","ModifiedNative","4"
"LH-S8-C4_S1",0,0,0,0,0,0,52,1010.41546630859,0.273642748594284,798.128540039062,0.506707966327667,"TallEuc","ModifiedNative","4"
"LH-S8-C4_S2-4",0,7,0,15,0,25,52,1010.41546630859,0.273642748594284,798.128540039062,0.506707966327667,"TallEuc","ModifiedNative","4"
"LH-S8-C5",0,0,0,0,0,0,14,2060.58422851562,0.292360574007034,753.093017578125,0.51257860660553,"TallEuc","Reserve","4"
"LH-S8-C5_S1",0,0,0,0,0,0,14,2060.58422851562,0.292360574007034,753.093017578125,0.51257860660553,"TallEuc","Reserve","4"
"LH-S9-C1",0,0,0,0,0,0,22,5667.5703125,0.247957706451416,736.867858886719,0.510609149932861,"TallEuc","ModifiedNative","4"
"LH-S9-C1_S1",0,0,0,0,1,4,42,6337.35400390625,0.270218789577484,891.270080566406,0.497516423463821,"Shurbland","ModifiedNative","4"
"LH-S9-C2",7,0,0,0,0,3,32,6008.177734375,0.251047760248184,818.146118164062,0.5047407746315,"TallEuc","ModifiedNative","4"
"LH-S9-C3",0,0,0,0,0,0,15,5461.517578125,0.258370846509933,733.962097167969,0.511789262294769,"TallEuc","ModifiedNative","4"
"LH-S9-C3_S1-2",0,0,0,0,0,0,15,5461.517578125,0.258370846509933,733.962097167969,0.511789262294769,"TallEuc","ModifiedNative","4"
"MR-N1",10,0,0,1,0,0,76,10479.8779296875,0.212169408798218,243.652069091797,0.505977928638458,"TallEuc","Reserve","6"
"MR-N2",2,0,0,0,0,0,25,1538.19702148438,0.18950691819191,171.035140991211,0.506089746952057,"Rainforest","Reserve","5"
"MR-N3",3,0,0,0,2,0,62,3066.09887695312,0.219393372535706,255.257385253906,0.504136025905609,"Grassland","ModifiedNative","11"
"MR-N4",1,0,0,0,0,0,18,8748.2265625,0.186319798231125,205.466217041016,0.51407915353775,"Woodland","ModifiedNative","4"
"MR-N5_S3-6",0,0,0,2,0,0,56,3640.29467773438,0.193636849522591,299.303894042969,0.506435930728912,"Rainforest","Reserve","13"
"MR-S1-C1",1,0,0,27,0,25,102,3820.1259765625,0.183813586831093,333.814880371094,0.509714305400848,"Rainforest","Reserve","4"
"MR-S1-C2",1,0,0,35,0,34,70,3266.37084960938,0.188020467758179,322.480194091797,0.514022648334503,"Rainforest","Reserve","9"
"MR-S1-C3",0,0,0,26,0,27,57,1910.83312988281,0.192329332232475,238.178634643555,0.518920183181763,"Rainforest","Reserve","9"
"MR-S1-C4_S1",0,0,0,0,0,0,16,5427.8623046875,0.202288687229156,194.241561889648,0.516162753105164,"Shurbland","Reserve","4"
"MR-S10-C1_S2",0,0,0,0,0,0,61,3972.31665039062,0.191982239484787,265.5,0.507198691368103,"Rainforest","Reserve","13"
"MR-S10-C1_S4-6",0,0,0,1,0,1,61,3972.31665039062,0.191982239484787,265.5,0.507198691368103,"Rainforest","Reserve","13"
"MR-S10-C2",0,0,0,0,0,0,43,2890.34252929688,0.224998369812965,272.378265380859,0.511201739311218,"Rainforest","Reserve","13"
"MR-S10-C3_S1",0,0,0,0,0,0,21,3421.58642578125,0.234722077846527,129.675888061523,0.5152707695961,"Rainforest","ModifiedNative","4"
"MR-S10-C3_S2-4",5,0,0,12,0,1,21,3421.58642578125,0.234722077846527,129.675888061523,0.5152707695961,"Rainforest","ModifiedNative","4"
"MR-S10-C4_S2-6",10,0,0,10,0,1,102,2067.13525390625,0.21870619058609,106.187271118164,0.516215443611145,"Rainforest","ModifiedNative","4"
"MR-S10-C5_S1-6",5,0,0,14,0,6,102,2067.13525390625,0.21870619058609,106.187271118164,0.516215443611145,"Rainforest","ModifiedNative","4"
"MR-S2-C1",4,0,0,0,0,11,41,7834.41552734375,0.26843249797821,106.304817199707,0.510535776615143,"Grassland","Reserve","9"
"MR-S2-C2",0,0,0,1,0,7,37,8791.7529296875,0.295255213975906,159.669769287109,0.508296549320221,"Grassland","Reserve","9"
"MR-S2-C3_S1",0,0,0,0,0,0,18,8762.716796875,0.313356637954712,129.593765258789,0.510912716388702,"Grassland","Reserve","9"
"MR-S2-C3_S2-3",1,0,0,0,0,15,18,8762.716796875,0.313356637954712,129.593765258789,0.510912716388702,"Grassland","Reserve","9"
"MR-S2-C4",0,0,0,0,0,0,42,10344.328125,0.217934399843216,198.957153320312,0.507980346679688,"Woodland","Reserve","6"
"MR-S2-C4_S1",2,0,0,0,0,0,42,10344.328125,0.217934399843216,198.957153320312,0.507980346679688,"Woodland","Reserve","6"
"MR-S2-C5_S1",0,0,0,0,0,0,12,10440.3720703125,0.198864459991455,184.55256652832,0.510887265205383,"TallEuc","ModifiedNative","4"
"MR-S2-C5_S2-5",21,0,0,31,0,2,12,10440.3720703125,0.198864459991455,184.55256652832,0.510887265205383,"TallEuc","ModifiedNative","4"
"MR-S3-C1",0,0,0,0,0,0,25,1538.19702148438,0.18950691819191,171.035140991211,0.506089746952057,"Rainforest","Reserve","5"
"MR-S3-C1_S1",0,0,0,0,0,0,25,1538.19702148438,0.18950691819191,171.035140991211,0.506089746952057,"Rainforest","Reserve","5"
"MR-S3-C2_S1",0,0,0,2,0,0,30,1974.52575683594,0.230542808771133,172.030166625977,0.505998313426971,"Rainforest","Reserve","13"
"MR-S3-C3",18,0,0,13,0,0,9,3524.19970703125,0.222441434860229,145.01057434082,0.508505582809448,"TallEuc","Reserve","13"
"MR-S3-C4_S2-6",43,0,0,2,0,25,21,4982.18212890625,0.283428370952606,128.426147460938,0.509217321872711,"Grassland","Reserve","5"
"MR-S3-C5",2,0,0,0,0,5,17,6992.08935546875,0.21150167286396,100.298278808594,0.510607063770294,"TallEuc","Reserve","5"
"MR-S4-C1",16,0,0,7,0,1,23,6109.779296875,0.297826200723648,237.117874145508,0.502745449542999,"Grassland","ModifiedNative","9"
"MR-S4-C3",2,0,0,7,0,4,38,7009.6376953125,0.264792829751968,186.100051879883,0.505883634090424,"Shurbland","Reserve","9"
"MR-S4-C3_S1",1,0,0,3,0,0,38,7009.6376953125,0.264792829751968,186.100051879883,0.505883634090424,"Shurbland","Reserve","9"
"MR-S4-C4",0,0,0,4,0,1,45,6015.2216796875,0.33291232585907,243.399658203125,0.504158794879913,"Grassland","Reserve","11"
"MR-S4-C5",0,0,0,0,0,2,19,5407.44384765625,0.284669697284698,223.208236694336,0.506068229675293,"Grassland","Reserve","11"
"MR-S5-C1_S1-5",12,0,0,7,0,9,19,4202.46484375,0.222938001155853,266.696502685547,0.500737905502319,"Rainforest","ModifiedNative","11"
"MR-S5-C2_S2-3",0,0,0,5,0,2,52,4673.94384765625,0.32182189822197,250.237274169922,0.502464890480042,"Grassland","ModifiedNative","11"
"MR-S5-C3_S1-6",1,0,0,10,0,16,68,4056.91870117188,0.238950416445732,225.014465332031,0.506598114967346,"Grassland","Reserve","5"
"MR-S5-C4",0,0,0,0,0,0,23,2733.32080078125,0.313530653715134,191.54475402832,0.508142650127411,"Grassland","Reserve","11"
"MR-S5-C5",8,0,0,34,0,10,43,2985.73876953125,0.212578535079956,249.611083984375,0.507711291313171,"Woodland","Reserve","5"
"MR-S5-C5_S1",0,0,0,2,0,2,43,2985.73876953125,0.212578535079956,249.611083984375,0.507711291313171,"Woodland","Reserve","5"
"MR-S6-C1",4,0,0,9,7,1,26,1253.037109375,0.19888961315155,139.212814331055,0.509393930435181,"TallEuc","ModifiedNative","5"
"MR-S6-C1_S1",0,0,0,0,0,0,105,1491.53356933594,0.175729691982269,139.546951293945,0.509044706821442,"TallEuc","ModifiedNative","5"
"MR-S6-C2",0,0,0,0,0,0,37,7833.4033203125,0.291994750499725,227.81706237793,0.508550822734833,"Shurbland","Reserve","11"
"MR-S6-C4",0,0,0,0,0,0,25,1371.89892578125,0.3345887362957,167.909042358398,0.507207214832306,"Grassland","Reserve","11"
"MR-S6-C5",0,0,0,0,0,1,9,7100.083984375,0.212698295712471,208.900314331055,0.510367751121521,"Woodland","Reserve","13"
"MR-S7-C1",3,0,0,1,0,13,23,8504.830078125,0.178217574954033,230.664825439453,0.512962937355042,"TallEuc","ModifiedNative","4"
"MR-S7-C1_S1-4",0,0,0,0,0,1,23,8504.830078125,0.178217574954033,230.664825439453,0.512962937355042,"TallEuc","ModifiedNative","4"
"MR-S7-C2",7,0,0,0,0,9,28,8339.2138671875,0.208301335573196,255.89469909668,0.513155400753021,"Woodland","ModifiedNative","4"
"MR-S7-C3",0,0,0,0,0,7,44,8255.4892578125,0.185670450329781,256.377380371094,0.512471675872803,"Woodland","Reserve","4"
"MR-S7-C4",5,0,0,0,0,14,107,8337.3525390625,0.190740019083023,302.801177978516,0.510770976543427,"Rainforest","Reserve","13"
"MR-S7-C5",3,0,0,0,0,16,56,9012.6455078125,0.179748103022575,401.433807373047,0.506388247013092,"Rainforest","Reserve","13"
"MR-S7-C5_S1-2",3,0,0,1,0,3,54,9051.5673828125,0.185760229825974,362.459564208984,0.508684515953064,"Woodland","Reserve","13"
"MR-S8-C1",0,0,0,0,0,0,42,8967.60546875,0.185433030128479,287.177795410156,0.508759319782257,"Woodland","ModifiedNative","4"
"MR-S8-C2",0,0,0,0,0,19,13,9039.900390625,0.246985957026482,216.319717407227,0.512476205825806,"Grassland","ModifiedNative","4"
"MR-S8-C3",0,0,0,0,0,40,25,6886.43115234375,0.177407026290894,260.960418701172,0.510968685150146,"Rainforest","ModifiedNative","4"
"MR-S8-C3_S1",0,0,0,0,0,11,23,7256.529296875,0.192906782031059,228.53303527832,0.511612415313721,"Grassland","ModifiedNative","4"
"MR-S8-C4",0,0,0,0,0,35,23,7665.49462890625,0.207441166043282,231.885101318359,0.512554466724396,"Human/Other","Plantation","4"
"MR-S8-C5",0,0,0,0,0,2,17,8509.451171875,0.222783520817757,243.149719238281,0.511925101280212,"TallEuc","ModifiedNative","4"
"MR-S9-C3",3,0,0,0,0,0,94,4921.89892578125,0.187503233551979,315.468963623047,0.508456885814667,"Rainforest","Reserve","4"
"MR-S9-C4",12,0,0,1,0,9,16,4193.205078125,0.194423675537109,322.2763671875,0.511352956295013,"Rainforest","Reserve","4"
"MR-S9-C4_S1",0,0,0,0,0,0,16,4193.205078125,0.194423675537109,322.2763671875,0.511352956295013,"Rainforest","Reserve","4"
"MR-S9-C5",1,0,0,0,0,2,89,5759.2431640625,0.270296365022659,308.431518554688,0.506553769111633,"Human/Other","ModifiedNative","4"
"MR-S9-C5_S1-4",2,0,0,0,0,5,89,5759.2431640625,0.270296365022659,308.431518554688,0.506553769111633,"Human/Other","ModifiedNative","4"
"PW-N2",0,0,0,1,0,0,64,5774.5703125,0.339091330766678,92.6546020507812,0.536231875419617,"TallEuc","ModifiedNative","10"
"PW-N3",2,0,0,1,0,0,51,13969.7666015625,0.231276854872704,415.158355712891,0.504220068454742,"TallEuc","Plantation","4"
"PW-N4",0,0,0,1,0,0,41,25713.0859375,0.257571130990982,191.510437011719,0.526589930057526,"Woodland","Plantation","4"
"PW-S1-C1",0,0,0,24,0,14,92,8465.12890625,0.194750845432281,86.9847183227539,0.530133426189423,"Woodland","Reserve","10"
"PW-S1-C2",0,0,0,8,0,27,39,8193.7958984375,0.222704872488976,76.2531127929688,0.530303001403809,"Woodland","Reserve","10"
"PW-S1-C2_S1",0,0,0,3,0,2,39,8193.7958984375,0.222704872488976,76.2531127929688,0.530303001403809,"Woodland","Reserve","10"
"PW-S1-C3",7,0,0,7,0,3,77,9348.583984375,0.391039818525314,118.427024841309,0.522895038127899,"TallEuc","Reserve","10"
"PW-S1-C4",0,0,0,8,0,14,27,8236.228515625,0.225660786032677,62.9809875488281,0.532689690589905,"TallEuc","Reserve","6"
"PW-S1-C5",0,0,0,10,0,10,32,8333.5791015625,0.218991473317146,51.8079452514648,0.530390799045563,"Shurbland","Reserve","6"
"PW-S10-C1",0,0,0,45,0,0,83,20699.572265625,0.222147151827812,420.635162353516,0.512745082378387,"TallEuc","Reserve","4"
"PW-S10-C2",1,0,0,5,0,0,67,19642.654296875,0.201229840517044,307.913604736328,0.517133951187134,"TallEuc","Reserve","4"
"PW-S10-C3",0,0,0,8,0,5,190,17491.62890625,0.225246757268906,272.979705810547,0.528494894504547,"TallEuc","Reserve","4"
"PW-S10-C4",0,0,0,0,0,0,105,23939.748046875,0.223558664321899,368.036987304688,0.509195744991302,"TallEuc","Reserve","4"
"PW-S10-C4_S1",0,0,0,5,0,1,105,23939.748046875,0.223558664321899,368.036987304688,0.509195744991302,"TallEuc","Reserve","4"
"PW-S10-C5",1,0,0,28,0,23,70,26290.640625,0.226867645978928,334.172149658203,0.516515672206879,"Woodland","Reserve","4"
"PW-S10-C5_S1",2,0,0,12,0,3,62,26275.279296875,0.212170794606209,395.587280273438,0.514166176319122,"Woodland","Reserve","4"
"PW-S2-C1",0,0,0,2,0,11,27,6042.45068359375,0.353522568941116,41.7818260192871,0.533477663993835,"TallEuc","Reserve","10"
"PW-S2-C2",2,0,0,2,0,43,35,7111.52001953125,0.221593797206879,43.6585121154785,0.533165574073792,"TallEuc","Reserve","6"
"PW-S2-C3",0,0,0,4,0,49,8,5173.94970703125,0.205307066440582,40.3727188110352,0.532868504524231,"Shurbland","Reserve","10"
"PW-S2-C4",0,0,0,0,0,5,43,5040.2705078125,0.211426466703415,64.5274047851562,0.530514895915985,"TallEuc","Reserve","8"
"PW-S3-C1",0,0,0,21,0,14,29,9010.2138671875,0.195483446121216,83.5282974243164,0.53634911775589,"TallEuc","Reserve","10"
"PW-S3-C2",0,0,0,0,0,0,200,7860.0146484375,0.185759529471397,153.765121459961,0.528838276863098,"TallEuc","ModifiedNative","10"
"PW-S3-C2_S1",1,0,0,5,0,11,112,8069.33203125,0.182562902569771,250.938491821289,0.514376997947693,"TallEuc","ModifiedNative","8"
"PW-S3-C2_S2-4",6,0,0,0,0,5,112,8069.33203125,0.182562902569771,250.938491821289,0.514376997947693,"TallEuc","ModifiedNative","8"
"PW-S3-C3",0,0,0,0,0,0,113,5687.68017578125,0.194419577717781,167.795440673828,0.525923609733582,"TallEuc","ModifiedNative","8"
"PW-S3-C3_S1-3",2,0,0,8,0,7,102,6786.73046875,0.220959350466728,286.317321777344,0.509114563465118,"Woodland","Reserve","8"
"PW-S3-C4",0,0,0,0,0,3,40,6828.53662109375,0.209023237228394,88.2602920532227,0.536699116230011,"Human/Other","ModifiedNative","10"
"PW-S3-C4_S1-3",0,0,0,0,0,1,40,6828.53662109375,0.209023237228394,88.2602920532227,0.536699116230011,"Human/Other","ModifiedNative","10"
"PW-S3-C5_S1",0,0,0,0,0,0,145,4962.71533203125,0.203765362501144,137.01904296875,0.521608889102936,"Woodland","Reserve","6"
"PW-S3-C5_S3-4",0,0,0,2,0,5,145,4962.71533203125,0.203765362501144,137.01904296875,0.521608889102936,"Woodland","Reserve","6"
"PW-S4-C1_S1",0,0,0,0,0,2,102,11002.4697265625,0.213720321655273,185.760543823242,0.523467719554901,"Woodland","Reserve","8"
"PW-S4-C1_S2-6",16,0,0,0,0,0,38,13728.0302734375,0.21058751642704,208.908889770508,0.522835791110992,"TallEuc","ModifiedNative","8"
"PW-S4-C2_S1",0,0,0,0,0,0,106,10559.1923828125,0.193809241056442,211.364959716797,0.522120296955109,"TallEuc","ModifiedNative","8"
"PW-S4-C3",4,0,0,0,0,8,100,10916.880859375,0.166684925556183,167.990432739258,0.525211334228516,"TallEuc","ModifiedNative","8"
"PW-S4-C3_S1",4,0,0,0,0,2,100,10916.880859375,0.166684925556183,167.990432739258,0.525211334228516,"TallEuc","ModifiedNative","8"
"PW-S4-C4",0,0,0,0,0,2,19,11074.169921875,0.177069500088692,131.463928222656,0.529268562793732,"Human/Other","Plantation","8"
"PW-S4-C5",29,0,0,8,4,33,29,12770.306640625,0.186580240726471,255.219696044922,0.513417661190033,"Human/Other","Plantation","8"
"PW-S5-C1",0,0,2,26,0,11,118,15484.9951171875,0.206040024757385,401.58935546875,0.487262517213821,"TallEuc","Reserve","8"
"PW-S5-C1_S1",0,0,0,0,0,0,118,15484.9951171875,0.206040024757385,401.58935546875,0.487262517213821,"TallEuc","Reserve","8"
"PW-S5-C2",10,0,0,1,0,12,56,14954.7421875,0.243940338492393,237.395324707031,0.52018541097641,"TallEuc","Reserve","8"
"PW-S5-C3",10,0,0,0,0,2,40,14807.974609375,0.219680741429329,146.406509399414,0.530577957630157,"TallEuc","Reserve","8"
"PW-S5-C4",1,0,0,0,0,0,43,13447.9833984375,0.18966893851757,160.163558959961,0.529073119163513,"TallEuc","Plantation","8"
"PW-S5-C4_S1-4",0,0,0,0,0,0,43,13447.9833984375,0.18966893851757,160.163558959961,0.529073119163513,"TallEuc","Plantation","8"
"PW-S5-C5_S2-7",0,0,2,0,0,0,38,12259.416015625,0.200742393732071,199.359237670898,0.530649721622467,"Human/Other","Plantation","8"
"PW-S6-C1",6,0,2,2,0,11,60,13372.4697265625,0.219841957092285,367.490325927734,0.508991360664368,"TallEuc","Plantation","4"
"PW-S6-C2",0,0,0,0,0,0,80,13255.8759765625,0.223715931177139,316.872406005859,0.515726029872894,"TallEuc","Plantation","4"
"PW-S6-C2_S1-4",6,0,0,5,0,3,80,13255.8759765625,0.223715931177139,316.872406005859,0.515726029872894,"TallEuc","Plantation","4"
"PW-S6-C3",1,0,0,24,0,2,128,15317.2626953125,0.205314874649048,379.241516113281,0.50509375333786,"TallEuc","Reserve","8"
"PW-S6-C4",13,0,0,0,0,12,35,14161.09765625,0.22807665169239,369.578308105469,0.488405346870422,"TallEuc","Plantation","4"
"PW-S6-C5",8,0,0,4,0,9,51,13909.103515625,0.240179687738419,295.799560546875,0.516705751419067,"Grassland","Reserve","8"
"PW-S7-C1",0,0,0,0,0,0,133,14528.45703125,0.231864750385284,508.419586181641,0.487585335969925,"TallEuc","ModifiedNative","8"
"PW-S7-C1_S1-4",6,0,0,0,0,3,133,14528.45703125,0.231864750385284,508.419586181641,0.487585335969925,"TallEuc","ModifiedNative","8"
"PW-S7-C2",0,0,0,0,0,0,62,13445.853515625,0.303206712007523,349.959991455078,0.513132214546204,"TallEuc","Plantation","8"
"PW-S7-C2_S1",0,0,0,0,0,0,62,13445.853515625,0.303206712007523,349.959991455078,0.513132214546204,"TallEuc","Plantation","8"
"PW-S7-C3",18,0,0,8,0,6,85,12579.529296875,0.211688816547394,553.123840332031,0.486438930034637,"TallEuc","Plantation","4"
"PW-S7-C3_S1",0,0,0,0,0,0,45,13375.2451171875,0.201671466231346,493.853179931641,0.498487591743469,"TallEuc","Plantation","4"
"PW-S7-C4_S1",4,0,0,3,0,8,176,13896.7021484375,0.257049828767776,624.802795410156,0.483550578355789,"Woodland","Reserve","4"
"PW-S7-C4_S3-S7",5,0,0,10,0,0,96,11661.361328125,0.23434129357338,565.474792480469,0.480824589729309,"TallEuc","ModifiedNative","4"
"PW-S7-C5",0,0,0,0,0,0,46,11762.162109375,0.232924923300743,605.508117675781,0.481738686561584,"TallEuc","ModifiedNative","4"
"PW-S8-C1",0,0,11,10,0,11,84,18182.328125,0.254046857357025,167.919891357422,0.528287053108215,"Human/Other","Plantation","8"
"PW-S8-C2",0,0,0,1,0,0,74,17970.638671875,0.210492491722107,89.4785766601562,0.534593641757965,"Human/Other","Plantation","8"
"PW-S8-C3",0,0,2,10,0,2,52,19015.2109375,0.317930400371552,106.428016662598,0.533488690853119,"TallEuc","ModifiedNative","8"
"PW-S8-C4",4,0,3,13,0,5,13,19906.919921875,0.237824678421021,88.9025650024414,0.534415602684021,"TallEuc","Reserve","8"
"PW-S8-C4_S1",0,0,0,0,0,7,13,19906.919921875,0.237824678421021,88.9025650024414,0.534415602684021,"TallEuc","Reserve","8"
"PW-S8-C5",4,0,0,7,0,16,108,21481.580078125,0.447140485048294,199.940322875977,0.523809552192688,"Rainforest","Reserve","4"
"PW-S9-C1",0,0,0,17,0,0,88,26703.125,0.235867783427238,225.937088012695,0.517195761203766,"TallEuc","ModifiedNative","4"
"PW-S9-C1_S1",0,0,0,2,0,1,88,26703.125,0.235867783427238,225.937088012695,0.517195761203766,"TallEuc","ModifiedNative","4"
"PW-S9-C2",2,0,0,14,0,42,43,25963.548828125,0.2723788022995,188.467193603516,0.524297833442688,"Rainforest","ModifiedNative","4"
"PW-S9-C3",5,0,0,1,0,16,69,25235.546875,0.229637145996094,205.720550537109,0.526749551296234,"Rainforest","Reserve","4"
"PW-S9-C4",15,0,0,11,0,6,136,27150.34765625,0.21680848300457,329.283172607422,0.515282571315765,"TallEuc","Reserve","4"
"PW-S9-C5",0,0,0,23,0,14,55,26466.146484375,0.217444837093353,274.037963867188,0.518130481243134,"TallEuc","Reserve","8"
"SV-N1",0,1,0,0,0,1,44,6871.6416015625,0.216450080275536,265.112243652344,0.523555338382721,"Human/Other","Plantation","4"
"SV-N2",0,0,0,0,0,2,83,10263.4169921875,0.213941678404808,192.093627929688,0.526874780654907,"Woodland","Reserve","4"
"SV-N3",0,0,0,0,0,4,76,12485.4755859375,0.221277430653572,339.597290039062,0.526928007602692,"TallEuc","ModifiedNative","4"
"SV-N4",0,0,0,0,0,0,85,6214.43212890625,0.310131341218948,512.3916015625,0.500834286212921,"TallEuc","ModifiedNative","4"
"SV-N5",0,0,0,0,0,0,119,14165.6103515625,0.232319876551628,397.334869384766,0.519164979457855,"TallEuc","Reserve","8"
"SV-S1-C1",0,0,0,5,0,18,94,5868.939453125,0.208154916763306,547.280883789062,0.505946040153503,"TallEuc","Reserve","4"
"SV-S1-C2_S2-5",8,0,0,1,1,1,43,7722.27734375,0.3354472219944,388.743835449219,0.522692501544952,"TallEuc","ModifiedNative","9"
"SV-S1-C3",1,0,0,0,0,2,119,11301.1171875,0.183032602071762,463.169647216797,0.515654742717743,"Shurbland","ModifiedNative","9"
"SV-S1-C3_S1",0,0,0,0,0,0,121,5823.357421875,0.199804335832596,501.971557617188,0.509112536907196,"TallEuc","Reserve","4"
"SV-S1-C3_S3-4",0,0,11,0,0,8,128,11209.9306640625,0.181956246495247,418.549285888672,0.517561972141266,"TallEuc","ModifiedNative","9"
"SV-S1-C4",0,0,0,0,0,2,104,12257.5888671875,0.249628856778145,447.859649658203,0.517357528209686,"Shurbland","ModifiedNative","8"
"SV-S1-C5",28,0,0,17,5,13,18,8652.7216796875,0.213046476244926,314.930236816406,0.526995301246643,"TallEuc","Reserve","9"
"SV-S10-C1",0,0,0,0,0,0,175,11151.2431640625,0.211590871214867,450.630279541016,0.502430379390717,"Woodland","ModifiedNative","4"
"SV-S10-C1_S1",0,0,0,0,0,0,175,11151.2431640625,0.211590871214867,450.630279541016,0.502430379390717,"Woodland","ModifiedNative","4"
"SV-S10-C2",0,0,0,0,0,0,38,12353.5576171875,0.195394605398178,389.504455566406,0.507881641387939,"Woodland","ModifiedNative","4"
"SV-S10-C2_S1",0,0,0,0,0,0,38,12353.5576171875,0.195394605398178,389.504455566406,0.507881641387939,"Woodland","ModifiedNative","4"
"SV-S10-C3",12,0,0,0,0,24,60,13593.0908203125,0.204725250601768,332.715270996094,0.518434226512909,"Woodland","ModifiedNative","4"
"SV-S10-C4",0,0,0,3,0,4,74,11518.806640625,0.20956614613533,286.778503417969,0.522504806518555,"Woodland","Reserve","4"
"SV-S10-C5",0,0,0,1,0,9,44,16482.873046875,0.243963241577148,166.118698120117,0.530724585056305,"TallEuc","ModifiedNative","4"
"SV-S10-C5_S1",4,0,0,0,0,8,60,13593.0908203125,0.204725250601768,332.715270996094,0.518434226512909,"Woodland","ModifiedNative","4"
"SV-S2-C1",0,1,5,8,0,29,51,13410.310546875,0.336851418018341,733.234497070312,0.491932541131973,"TallEuc","Reserve","11"
"SV-S2-C2_S1-7",11,0,0,0,5,6,101,14376.2333984375,0.225419908761978,412.633239746094,0.52195805311203,"TallEuc","Reserve","8"
"SV-S2-C3",0,0,0,2,0,2,45,13008.373046875,0.282333672046661,414.986053466797,0.52189302444458,"TallEuc","ModifiedNative","8"
"SV-S2-C4",0,0,0,0,0,0,103,15209.8828125,0.19841955602169,463.359649658203,0.512710392475128,"Woodland","Reserve","8"
"SV-S2-C5",3,0,0,8,0,7,70,17027.40625,0.244190007448196,336.491302490234,0.523915529251099,"TallEuc","Reserve","8"
"SV-S2-C5_S1",1,0,0,3,0,2,70,17027.40625,0.244190007448196,336.491302490234,0.523915529251099,"TallEuc","Reserve","8"
"SV-S3-C1_S1",0,0,0,0,1,11,72,13118.9697265625,0.170624315738678,458.527221679688,0.512004911899567,"Rainforest","Reserve","8"
"SV-S3-C1_S2-8",0,0,0,2,1,8,72,13118.9697265625,0.170624315738678,458.527221679688,0.512004911899567,"Rainforest","Reserve","8"
"SV-S3-C2",0,0,0,19,11,15,26,12793.240234375,0.175370842218399,519.218994140625,0.510246276855469,"TallEuc","Reserve","8"
"SV-S3-C3_S1",0,0,0,1,1,1,60,13861.7998046875,0.187073409557343,391.225860595703,0.520125150680542,"Human/Other","Reserve","8"
"SV-S3-C3_S2-5",1,0,10,1,10,10,60,13861.7998046875,0.187073409557343,391.225860595703,0.520125150680542,"Human/Other","Reserve","8"
"SV-S3-C4",0,0,0,0,0,0,148,13121.08984375,0.189766213297844,571.73974609375,0.498270511627197,"TallEuc","Reserve","8"
"SV-S3-C4_S1",6,0,0,0,1,1,148,13121.08984375,0.189766213297844,571.73974609375,0.498270511627197,"TallEuc","Reserve","8"
"SV-S3-C5",9,1,0,5,1,23,99,13652.587890625,0.288189828395844,857.404357910156,0.471022933721542,"Shurbland","Reserve","11"
"SV-S3-C5_S1",0,0,0,0,0,0,99,13652.587890625,0.288189828395844,857.404357910156,0.471022933721542,"Shurbland","Reserve","11"
"SV-S4-C1",0,0,1,0,0,3,126,14621.51953125,0.283802151679993,651.434265136719,0.500588476657867,"TallEuc","Reserve","8"
"SV-S4-C2",0,0,1,4,10,8,42,14951.9951171875,0.22621513903141,396.062438964844,0.518833875656128,"TallEuc","Reserve","8"
"SV-S4-C3",0,0,0,0,1,3,105,13988.8515625,0.230651944875717,412.576171875,0.515815079212189,"Rainforest","Reserve","8"
"SV-S4-C3_S1",0,0,0,0,0,0,105,13988.8515625,0.230651944875717,412.576171875,0.515815079212189,"Rainforest","Reserve","8"
"SV-S4-C4",0,0,0,3,1,9,23,13364.083984375,0.223033964633942,429.850769042969,0.513743460178375,"TallEuc","Reserve","8"
"SV-S5-C1",1,0,1,11,6,6,36,5868.12548828125,0.285388290882111,429.469451904297,0.510875344276428,"TallEuc","ModifiedNative","4"
"SV-S5-C1_S1",0,0,0,6,0,4,56,5731.49267578125,0.231711909174919,512.057067871094,0.502633988857269,"TallEuc","ModifiedNative","4"
"SV-S5-C1_S2",0,0,0,1,0,3,56,5731.49267578125,0.231711909174919,512.057067871094,0.502633988857269,"TallEuc","ModifiedNative","4"
"SV-S5-C2",1,0,9,2,0,29,55,3931.31201171875,0.23089312016964,644.953491210938,0.496197372674942,"TallEuc","Reserve","4"
"SV-S5-C2_S1",0,0,0,5,0,7,55,3931.31201171875,0.23089312016964,644.953491210938,0.496197372674942,"TallEuc","Reserve","4"
"SV-S5-C3",1,0,1,14,4,5,68,6656.25537109375,0.258186191320419,429.299957275391,0.511873364448547,"Woodland","ModifiedNative","4"
"SV-S5-C4_S1-6",0,0,0,0,0,0,77,7514.27490234375,0.225752681493759,486.623443603516,0.505385041236877,"TallEuc","ModifiedNative","4"
"SV-S5-C5_S1-6",9,0,0,11,0,13,88,8038.04150390625,0.251214385032654,652.734130859375,0.492462307214737,"TallEuc","ModifiedNative","11"
"SV-S6-C1",0,0,0,0,0,0,26,3411.47534179688,0.303059011697769,548.228332519531,0.496036201715469,"TallEuc","ModifiedNative","4"
"SV-S6-C1_S1",0,0,0,0,0,0,26,3411.47534179688,0.303059011697769,548.228332519531,0.496036201715469,"TallEuc","ModifiedNative","4"
"SV-S6-C2",0,0,0,21,3,1,35,3901.005859375,0.204042553901672,619.38916015625,0.497035384178162,"TallEuc","Reserve","4"
"SV-S6-C2_S1",0,0,0,10,3,2,35,3901.005859375,0.204042553901672,619.38916015625,0.497035384178162,"TallEuc","Reserve","4"
"SV-S6-C3",0,0,1,0,0,0,51,4646.12548828125,0.220384359359741,615.41845703125,0.496376812458038,"TallEuc","ModifiedNative","4"
"SV-S6-C4",0,0,2,4,0,49,82,6207.02197265625,0.205300360918045,556.080322265625,0.496612846851349,"TallEuc","ModifiedNative","4"
"SV-S6-C5",0,0,0,18,0,16,86,6499.05908203125,0.221554070711136,391.039520263672,0.514695644378662,"TallEuc","ModifiedNative","4"
"SV-S6-C5_S1",0,0,0,0,0,0,86,6499.05908203125,0.221554070711136,391.039520263672,0.514695644378662,"TallEuc","ModifiedNative","4"
"SV-S7-C1",0,0,4,1,0,0,43,7592.01416015625,0.219323739409447,235.447982788086,0.527931094169617,"TallEuc","ModifiedNative","4"
"SV-S7-C2",0,0,0,0,0,0,79,6575.30419921875,0.208556935191154,608.8447265625,0.489140838384628,"TallEuc","Reserve","11"
"SV-S7-C3",8,0,0,2,9,12,92,7702.6904296875,0.242927595973015,214.047332763672,0.526916682720184,"TallEuc","ModifiedNative","4"
"SV-S7-C4",0,0,0,0,0,0,52,9579.3818359375,0.251206398010254,225.746307373047,0.529455423355103,"TallEuc","ModifiedNative","4"
"SV-S7-C4_S1",0,0,0,0,0,6,43,6043.103515625,0.223197191953659,351.786041259766,0.51698899269104,"TallEuc","ModifiedNative","4"
"SV-S7-C4_S2-5",0,0,0,6,3,4,43,6043.103515625,0.223197191953659,351.786041259766,0.51698899269104,"TallEuc","ModifiedNative","4"
"SV-S7-C5",0,0,0,0,0,0,30,5071.6005859375,0.20254485309124,417.013732910156,0.509611964225769,"TallEuc","ModifiedNative","4"
"SV-S8-C1",0,0,0,0,0,0,61,8348.349609375,0.205087557435036,281.239288330078,0.525854825973511,"TallEuc","ModifiedNative","4"
"SV-S8-C1_S1",0,0,0,0,0,0,87,8848.8251953125,0.171864256262779,510.869842529297,0.510853946208954,"Human/Other","Plantation","4"
"SV-S8-C1_S2",0,0,0,0,0,0,87,8848.8251953125,0.171864256262779,510.869842529297,0.510853946208954,"Human/Other","Plantation","4"
"SV-S8-C2_S1-2",1,0,0,0,0,0,129,10129.4443359375,0.216888025403023,589.322326660156,0.487909436225891,"TallEuc","ModifiedNative","4"
"SV-S8-C2_S4-5",1,0,0,3,0,1,87,12820.2099609375,0.214381784200668,432.038452148438,0.50670337677002,"TallEuc","Reserve","4"
"SV-S8-C3",0,0,0,0,0,0,78,12012.9541015625,0.200644493103027,154.906036376953,0.527265727519989,"TallEuc","ModifiedNative","4"
"SV-S8-C3_S1",0,0,0,0,0,0,103,11560.953125,0.218105971813202,120.770072937012,0.533040225505829,"TallEuc","Reserve","4"
"SV-S8-C4",0,0,0,17,0,29,82,13027.88671875,0.262964218854904,240.01106262207,0.526596665382385,"Shurbland","ModifiedNative","8"
"SV-S8-C4_S1",0,0,0,1,0,5,82,13027.88671875,0.262964218854904,240.01106262207,0.526596665382385,"Shurbland","ModifiedNative","8"
"SV-S8-C5",0,0,0,0,0,0,50,8161.19189453125,0.235623925924301,345.840148925781,0.517176270484924,"TallEuc","ModifiedNative","4"
"SV-S9-C1",8,0,0,26,0,4,71,7842.82421875,0.209719225764275,154.003372192383,0.527991771697998,"Rainforest","Reserve","4"
"SV-S9-C1_S1",0,0,0,0,0,0,71,7842.82421875,0.209719225764275,154.003372192383,0.527991771697998,"Rainforest","Reserve","4"
"SV-S9-C2_S1",0,0,0,7,0,3,27,7980.173828125,0.19883531332016,234.985092163086,0.521041572093964,"Woodland","Reserve","4"
"SV-S9-C2_S2-6",25,0,0,35,0,9,60,8198.7392578125,0.209594830870628,400.753967285156,0.510711669921875,"Woodland","Reserve","4"
"SV-S9-C3",0,0,0,0,0,0,21,8907.9599609375,0.197793170809746,223.744842529297,0.5218306183815,"Rainforest","Reserve","4"
"SV-S9-C3_S1",0,0,0,0,0,0,42,8861.5849609375,0.199577018618584,192.732727050781,0.524479150772095,"Woodland","Reserve","4"
"SV-S9-C4",0,0,0,0,0,0,212,9973.8486328125,0.25481653213501,431.709838867188,0.500140905380249,"TallEuc","Reserve","4"
