cam,dtnt,BB,BO,TO,TB,TS,SB,Top.Roughness,Dist.FW,FPAR,Elevation,isothermal,Veg,Land.Use,Soil.Class
1_1,2.9,0,0,0,1,0,0,83,7595.771973,0.290813386,178.4251862,0.518140256,Woodland,Reserve,3
1_2,2.7,2,0,0,3,0,0,94,6584.446777,0.28963533,161.6534576,0.519742191,Woodland,Reserve,3
10_1,6,0,0,0,2,0,0,38,3300.754883,0.248863086,601.4956665,0.505739093,TallEuc,Reserve,5
10_2,6.2,3,0,0,0,0,0,35,2912.010498,0.269619524,587.635437,0.507083356,TallEuc,ModifiedNative,4
10_3,7,1,0,0,1,0,0,55,3683.05127,0.229066148,532.038208,0.510020196,TallEuc,ModifiedNative,4
11_1,5.3,0,0,0,3,0,1,56,2323.467529,0.296708733,467.0730896,0.520143211,TallEuc,Reserve,4
11_2,5.4,0,0,0,1,0,0,63,1583.139038,0.301588744,515.6193848,0.514762938,TallEuc,Reserve,4
11_3,7.2,1,0,0,1,0,0,47,2313.34082,0.281787306,540.4708862,0.510629714,TallEuc,Reserve,4
11_4,6.9,5,0,0,0,0,0,33,3152.631592,0.30542618,510.6916809,0.517404497,TallEuc,Reserve,4
12_1,5,0,0,0,1,0,1,88,2228.837646,0.245295182,578.9497681,0.509182334,Shurbland,Reserve,4
12_2,3.8,1,0,1,1,0,0,21,3275.639648,0.278195888,566.8447876,0.509736717,TallEuc,ModifiedNative,4
12_3,4.7,1,0,4,5,0,0,25,2902.2146,0.252601653,578.2189941,0.506688952,TallEuc,ModifiedNative,4
13_1,3.5,1,0,0,0,0,0,61,4340.67334,0.274805546,513.6738892,0.514621437,TallEuc,Reserve,4
13_2,4.5,1,0,0,0,0,0,53,4469.609375,0.239552751,580.421875,0.507286489,TallEuc,ModifiedNative,4
16_1,10.3,0,0,0,0,0,2,19,7471.546875,0.275154293,431.7400208,0.518259943,TallEuc,ModifiedNative,4
17_1,5.1,0,0,0,1,0,0,36,6362.956055,0.323621541,438.2480774,0.521918535,TallEuc,Reserve,4
18_1,8.3,0,0,3,0,0,0,37,3466.013916,0.271933943,527.1776123,0.517662108,TallEuc,Reserve,4
18_2,7.8,0,0,1,1,0,0,31,4534.206543,0.331885695,546.8612671,0.513567984,TallEuc,ModifiedNative,4
18_3,9.1,0,0,0,1,0,0,61,4191.602051,0.32919392,378.760376,0.521336138,Woodland,Reserve,4
18_4,8.8,5,0,0,0,0,0,37,3466.013916,0.271933943,527.1776123,0.517662108,TallEuc,Reserve,4
19_1,5.7,0,0,0,0,0,0,79,2972.818115,0.323922902,517.8937988,0.512408495,TallEuc,Reserve,4
2_1,3,0,0,0,3,0,1,27,11002.87109,0.35245946,311.2865295,0.511606574,Woodland,Reserve,3
2_2,2.1,0,0,0,2,0,0,106,10378.75977,0.315107077,249.2402649,0.512311757,TallEuc,Reserve,3
2_3,0.7,0,0,0,4,0,0,31,8420.328125,0.328799099,128.1496735,0.523271918,TallEuc,Reserve,3
20_1,8.9,1,0,0,0,0,0,126,6081.896973,0.339349419,312.7416077,0.529242754,Woodland,Reserve,4
21_1,6.2,0,0,0,0,0,1,29,3331.336914,0.320629656,489.9825134,0.516156018,Woodland,Reserve,4
22_1,4.5,0,0,1,0,1,0,25,1685.174072,0.242727786,651.8817139,0.507102787,Shurbland,ModifiedNative,5
23_1,5.3,0,0,0,1,0,0,28,3917.061523,0.281289071,159.5470123,0.53155601,TallEuc,Reserve,11
23_2,8.5,0,0,0,0,0,4,72,6879.437012,0.302813381,273.240387,0.530129552,Woodland,Reserve,11
23_3,9.3,0,0,1,0,0,3,52,7872.902344,0.290928632,381.1809387,0.519990921,TallEuc,Reserve,11
24_1,11,0,0,0,0,0,0,49,11727.50195,0.343096763,350.2685242,0.528294742,TallEuc,ModifiedNative,4
25_2,9.6,0,0,0,2,0,0,30,11682.78418,0.336683989,425.795166,0.524462521,TallEuc,Reserve,4
26_3,6.8,0,0,0,0,0,2,107,10283.19922,0.271840245,447.2628174,0.522742689,TallEuc,ModifiedNative,4
27_3,6.7,0,0,0,3,0,0,42,9763.175781,0.311671704,845.6178589,0.487059146,TallEuc,Reserve,5
28_1,7.9,1,0,0,0,0,0,43,8079.87793,0.30682385,898.5618286,0.481859088,TallEuc,Reserve,5
28_2,8.3,2,0,0,0,0,0,138,8091.505859,0.313412488,830.3225708,0.49326691,TallEuc,Reserve,5
29_1,9.5,0,0,1,0,0,0,31,770.9017334,0.425578296,252.9664764,0.532391489,TallEuc,Farming,12
29_2,10.4,1,1,0,1,0,0,33,7146.850098,0.338489026,336.3490906,0.530829966,TallEuc,Reserve,4
29_4,8.6,0,0,1,0,0,0,30,2060.266357,0.402559012,391.4337463,0.531116605,Human/Other,Reserve,4
29_5,10.4,0,1,0,0,0,0,21,5037.515625,0.360945433,325.649231,0.529609144,TallEuc,ModifiedNative,4
3_1,6.1,0,0,0,1,0,0,24,12301.9873,0.23779951,641.3352661,0.49450019,Shurbland,ModifiedNative,4
3_2,7.2,0,0,0,0,0,0,95,13608.96875,0.235170096,741.0014038,0.489415139,TallEuc,Reserve,4
3_3,8.1,0,0,0,1,0,2,126,13308.0459,0.239053413,717.6551514,0.490353703,TallEuc,ModifiedNative,4
3_4,6.9,0,0,0,0,0,5,19,13503.05762,0.283023536,904.2320557,0.473910987,TallEuc,Reserve,4
3_5,8,0,0,0,0,0,0,104,12327.2666,0.234393984,894.3485718,0.471649498,TallEuc,Reserve,13
3_6,7.1,0,0,0,0,0,1,23,11770.06641,0.226728454,883.0581665,0.471697211,TallEuc,Reserve,4
3_7,4.3,0,0,0,0,0,3,25,8234.912109,0.284080923,860.2617798,0.474596381,Woodland,Reserve,4
30_1,9.1,0,0,0,1,0,0,27,7486.124023,0.30547291,674.7792358,0.503718615,TallEuc,ModifiedNative,5
30_2,9.4,0,0,1,0,0,0,21,7014.386719,0.301355422,643.7953491,0.5060727,TallEuc,Reserve,5
32_1,1.2,0,0,0,3,0,0,50,7760.355957,0.314386636,648.0148926,0.510121107,TallEuc,ModifiedNative,4
33_3,3.8,0,0,0,6,0,0,48,10792.65625,0.345175117,703.0053101,0.498879701,TallEuc,ModifiedNative,4
34_1,3.6,0,0,1,2,0,0,52,2060.580078,0.396452129,371.5154724,0.523141086,Woodland,ModifiedNative,4
35_2,6.3,0,0,0,0,0,3,59,7881.681152,0.285449803,247.8639679,0.526759982,TallEuc,Reserve,4
37_1,1.1,0,0,0,0,0,2,61,10451.13965,0.397325963,458.2382507,0.522020936,Human/Other,Farming,4
37_3,1.7,0,0,1,0,0,0,57,9199.421875,0.249630496,412.9004211,0.522037566,Woodland,Reserve,4
37_4,5.5,1,0,0,1,0,0,19,7093.158203,0.325478017,314.2314148,0.523711741,Human/Other,Plantation,4
37_5,7.6,0,0,0,0,0,2,71,10268.58789,0.255328894,846.1624146,0.480529159,TallEuc,ModifiedNative,4
38_1,6.3,1,0,0,8,0,1,123,12840.54102,0.227439195,765.6882935,0.495943576,Woodland,ModifiedNative,4
38_2,4.9,0,0,0,7,0,3,86,13080.5957,0.231850013,691.0147095,0.505016983,TallEuc,Reserve,4
39_2,9.4,0,0,0,3,0,0,63,12393.97363,0.243456587,677.8866577,0.501621425,Woodland,Reserve,4
39_3,8.8,0,0,0,2,0,0,63,12393.97363,0.243456587,677.8866577,0.501621425,Woodland,Reserve,4
4_1,6.1,0,0,0,0,2,1,89,4874.780762,0.21000433,873.3076782,0.469206065,TallEuc,Reserve,13
4_2,7.3,4,0,0,0,0,1,20,1640.033569,0.336387932,794.8927612,0.480906695,Grassland,Reserve,8
4_3,7.9,0,0,0,0,0,5,19,3309.045898,0.260541946,734.1480713,0.485420167,Rainforest,Reserve,8
40_2,2.4,0,0,0,2,0,4,34,2314.531006,0.331666827,42.73257828,0.531651318,Human/Other,MiningEtc,8
42_6,10.3,0,0,0,0,0,4,107,13109.31445,0.26169154,130.7618408,0.523627937,TallEuc,Reserve,8
43_2,13.6,0,0,0,0,0,1,75,4943.125488,0.283800066,332.7229919,0.519825101,Woodland,Reserve,8
44_1,8.9,0,0,0,2,0,2,58,7892.078125,0.203871042,461.6703491,0.506495237,Rainforest,Reserve,4
44_2,9.2,4,0,0,1,0,7,58,7892.078125,0.203871042,461.6703491,0.506495237,Rainforest,Reserve,4
44_3,12.1,0,0,0,2,0,3,56,10259.46875,0.212256655,714.555603,0.48674348,TallEuc,Reserve,4
45_1,4.5,0,0,0,1,0,0,32,5068.303223,0.19342275,823.1699829,0.477238297,Rainforest,Reserve,4
45_2,3.9,0,0,0,0,0,0,171,4838.175293,0.18108891,754.9710083,0.481859714,Rainforest,Reserve,4
46_1,9.8,0,0,0,0,0,0,175,14475.33398,0.237055466,834.7270508,0.478922397,TallEuc,ModifiedNative,4
47_1,4.1,0,0,0,5,0,0,31,8931.650391,0.260805219,520.4890137,0.508614957,TallEuc,ModifiedNative,4
47_2,4.5,0,0,0,4,0,0,94,8713.767578,0.195762143,535.3520508,0.5059973,Woodland,Reserve,4
47_3,4.6,0,0,1,2,0,1,66,9562.09082,0.203060851,486.8146973,0.507302642,TallEuc,Reserve,4
48_1,3.7,0,0,0,6,0,2,28,8995.548828,0.246523187,642.178894,0.496556848,Human/Other,Plantation,4
48_2,5.6,0,0,0,0,0,6,41,8999.099609,0.207186833,587.0076294,0.502175033,Shurbland,Reserve,4
48_3,6.9,0,0,0,0,2,0,53,11761.33691,0.211876348,806.1513062,0.477001876,Human/Other,Plantation,4
48_4,5.5,0,0,0,2,1,0,81,11013.6875,0.193812042,676.8626709,0.492561102,TallEuc,Reserve,4
48_5,4.1,0,0,0,5,0,3,28,9751.438477,0.197635844,672.4335938,0.494651943,Rainforest,Reserve,4
49_1,2.7,0,0,0,3,0,2,89,4248.5,0.234893754,837.9398193,0.479956061,Shurbland,Reserve,4
49_3,2.1,0,0,0,10,1,6,89,4248.5,0.234893754,837.9398193,0.479956061,Shurbland,Reserve,4
5_1,9.2,0,0,3,0,0,0,119,5538.220703,0.280753344,331.0010986,0.524471223,TallEuc,ModifiedNative,4
5_2,8.6,2,0,0,2,0,0,131,6530.296387,0.358295202,283.7745056,0.529328167,Woodland,Reserve,4
50_1,5.1,0,0,0,0,0,0,166,4370.631836,0.222675204,593.5767822,0.495230675,TallEuc,Reserve,4
51_1,5.4,0,0,0,1,0,0,35,10869.62305,0.325192928,109.3496475,0.51409018,Woodland,Reserve,11
51_3,3.3,2,0,0,0,0,1,60,12799.77051,0.324905694,174.4757996,0.512711883,Woodland,ModifiedNative,4
52_1,5.1,0,1,0,3,0,1,22,12175.40527,0.220527336,488.2168884,0.502303183,TallEuc,ModifiedNative,5
52_2,3.4,0,0,0,0,0,1,54,12174.22559,0.179369748,498.7140198,0.499321103,Human/Other,Plantation,5
52_3,2.8,0,0,0,0,0,0,65,12799.15332,0.21540454,494.4498291,0.498076916,TallEuc,Reserve,5
53_2,3.2,2,0,0,3,0,0,58,10883.57129,0.234672934,552.5046997,0.502223372,Woodland,Reserve,4
54_1,4.2,2,0,0,6,0,0,153,12980.53613,0.200690135,500.4090881,0.495407164,TallEuc,Reserve,4
54_2,5.1,0,0,0,2,0,0,30,12218.81738,0.200485811,557.7512207,0.494199425,Rainforest,Reserve,4
54_3,6.3,1,0,0,0,0,6,33,14877.71094,0.199578181,553.2869263,0.495644152,Human/Other,Plantation,4
55_1,3,0,0,0,0,0,1,87,18067.83008,0.194214046,617.93396,0.494180888,Human/Other,Plantation,4
57_1,3.8,0,0,0,0,0,0,51,20525.95117,0.191457346,323.4685669,0.513380766,Human/Other,Plantation,4
57_2,4.3,0,0,0,0,0,2,51,20525.95117,0.191457346,323.4685669,0.513380766,Human/Other,Plantation,4
57_3,3.6,0,0,0,12,0,0,73,20294.14063,0.174879044,330.9424438,0.512383401,TallEuc,ModifiedNative,4
58_1,6.2,0,0,0,0,0,1,157,12205.3418,0.200135157,650.8885498,0.494235933,Rainforest,Reserve,4
59_1,5.3,0,0,0,0,0,1,37,11398.34277,0.192870051,602.9468384,0.498987496,Rainforest,ModifiedNative,4
59_2,4.8,0,0,0,0,0,6,47,11051.16016,0.190963671,417.1348877,0.508577824,TallEuc,ModifiedNative,4
6_2,9.5,1,0,2,3,0,1,59,5667.719238,0.267767429,386.6369324,0.520577252,TallEuc,ModifiedNative,4
60_1,3.9,0,0,0,0,0,1,110,16559.91992,0.242095217,427.0986938,0.505010545,Woodland,Reserve,4
60_2,5.1,1,0,0,0,0,0,157,16231.45117,0.191866472,465.0530396,0.501802981,Rainforest,Reserve,4
60_3,3.5,0,0,0,0,0,3,44,19700.79883,0.307435095,208.6909027,0.513818026,TallEuc,Reserve,4
60_5,6.7,0,0,0,0,1,0,31,13618.43945,0.1948082,425.5,0.507116973,TallEuc,ModifiedNative,4
61_1,1.2,0,0,0,1,0,0,41,17635.54102,0.275518507,109.9668274,0.516361237,TallEuc,Reserve,10
61_2,1.5,0,0,0,0,0,1,68,18709.8418,0.273888558,167.6368561,0.514432251,TallEuc,Reserve,4
62_1,1.9,0,0,0,0,0,2,19,15491.25391,0.317332834,94.73268127,0.516710758,Woodland,Reserve,10
62_2,1.5,1,0,0,3,0,3,47,16737.02148,0.314750195,129.8871765,0.515358984,Grassland,Reserve,10
62_3,1.3,2,0,0,2,0,0,47,16737.02148,0.314750195,129.8871765,0.515358984,Grassland,Reserve,10
63_1,2.9,0,0,0,3,0,0,94,10942.04199,0.240033329,249.6269684,0.508859515,TallEuc,Reserve,4
63_2,2.5,0,0,0,6,0,0,57,10622.73535,0.2468656,175.2053833,0.510895014,TallEuc,ModifiedNative,8
63_3,2.5,0,0,0,2,0,0,92,10068.28223,0.243011504,212.4471283,0.507813931,TallEuc,Reserve,4
64_1,4.7,0,0,0,0,2,0,101,8136.762207,0.207403585,449.599762,0.498249501,Rainforest,Plantation,4
65_1,5,0,0,0,0,0,1,141,3697.348633,0.208121136,461.3340454,0.507766485,TallEuc,Reserve,4
65_2,6.3,1,0,0,0,0,2,126,5391.494629,0.203252643,609.2822266,0.487008691,TallEuc,Reserve,4
65_3,6.8,0,0,0,10,0,4,73,5540.359863,0.216668278,445.8709717,0.506840825,Woodland,Reserve,4
66_1,1.5,0,0,0,0,0,0,57,7083.961914,0.217290968,261.3170776,0.507017553,Woodland,Reserve,4
67_1,6.2,1,0,0,2,0,7,22,13787.31348,0.244144797,144.4278107,0.50903213,Woodland,Reserve,4
68_1,9.3,0,0,0,6,0,0,18,15947.68262,0.30076015,116.2605515,0.507708848,Woodland,Reserve,4
68_2,9.1,1,0,0,0,0,3,24,14929.20605,0.332969159,120.6671295,0.508449912,Grassland,Reserve,4
68_3,6.5,0,0,0,0,0,1,31,13304.15527,0.310101897,136.1847839,0.509547114,Shurbland,Reserve,4
69_1,1.9,0,0,0,0,0,3,53,2214.729248,0.293099791,18.72649956,0.515510798,Woodland,Reserve,4
7_1,8.6,0,0,0,0,0,1,141,6205.012207,0.253053308,354.7742004,0.519881785,Woodland,ModifiedNative,4
7_2,8.4,0,0,0,0,0,0,73,7014.97168,0.303475231,380.0357971,0.519158125,Woodland,Reserve,4
70_1,2.8,1,0,0,0,0,2,29,11761.66504,0.252968878,47.18058777,0.509680629,TallEuc,Reserve,4
70_2,8.7,1,0,0,0,0,0,54,16613.60547,0.245512456,120.331543,0.498258561,TallEuc,Reserve,4
73_1,2.6,7,0,0,0,0,6,53,6524.564941,0.166523278,194.9189301,0.501369238,Human/Other,Plantation,8
73_2,3.3,1,0,0,2,0,6,15,7199.668457,0.18744044,185.3012085,0.503834665,Human/Other,Plantation,8
73_3,2.5,1,0,0,0,0,5,24,5853.764648,0.181400627,160.0085144,0.502837658,Woodland,Reserve,8
74_1,3.6,0,0,0,0,0,1,81,10527.99707,0.259472787,367.0566711,0.493940234,Woodland,Reserve,8
74_2,3.7,0,0,0,0,0,1,119,9266.078125,0.190714389,510.9207458,0.481256038,Human/Other,Reserve,4
74_3,3.2,2,0,0,3,0,0,36,8327.804688,0.168034583,200.5357819,0.500661016,Human/Other,Plantation,8
75_1,7.4,1,0,0,0,0,0,16,7290.826172,0.314478606,136.9132843,0.504574597,Shurbland,ModifiedNative,8
75_2,6.9,1,0,0,0,0,0,22,8068.505859,0.29236728,125.8425751,0.504081249,Woodland,Reserve,8
75_3,7.5,0,0,0,0,0,0,70,10587.7959,0.327576518,118.8628159,0.500582099,Woodland,Reserve,8
75_4,6.1,5,0,0,1,0,1,21,4254.129883,0.297314972,79.63928986,0.499458224,Woodland,Reserve,8
75_5,3.6,3,0,0,0,0,0,43,2786.023193,0.313625365,184.6991882,0.496997863,Woodland,Reserve,4
75_6,5,1,0,0,1,0,0,18,665.6898804,0.270082563,102.1034851,0.501310408,Human/Other,Reserve,8
76_1,5.9,0,0,0,5,0,0,20,504.3891907,0.31074363,16.8295517,0.509973526,Human/Other,Farming,13
76_2,5.4,0,0,0,2,0,7,20,504.3891907,0.31074363,16.8295517,0.509973526,Human/Other,Farming,13
76_3,6.8,0,0,0,12,0,2,7,344.2875366,0.279230207,16.73282051,0.509884596,Rainforest,Reserve,6
8_1,7.8,0,0,12,4,0,4,106,3812.029785,0.222198784,550.4943237,0.510329843,TallEuc,ModifiedNative,4
9_1,6.4,0,0,0,0,0,1,41,2254.295898,0.294859201,606.8532104,0.505111635,TallEuc,Reserve,4
9_2,6.3,0,0,0,4,0,0,53,2460.681641,0.335790932,596.0835571,0.506855071,TallEuc,Reserve,4
9_3,7.4,0,0,0,0,0,1,113,3460.772705,0.200992212,603.0661621,0.508375227,TallEuc,Reserve,4
AF-N1,8.2,0,0,0,1,0,0,41,7614.365234,0.269055694,380.8874207,0.526690066,TallEuc,ModifiedNative,9
AF-N1_S4-5,8.2,0,0,0,0,0,0,41,7614.365234,0.269055694,380.8874207,0.526690066,TallEuc,ModifiedNative,9
AF-N3_S4-7,20.7,0,0,0,1,0,1,178,1057.420044,0.17227228,409.4212952,0.510268331,Woodland,Reserve,13
AF-N5,20.7,0,0,0,1,0,0,90,518.8414307,0.309708744,426.0127869,0.511937201,Woodland,ModifiedNative,13
AF-S1-C1_S2-7,19.5,0,0,0,5,0,1,52,7289.354004,0.288984418,606.5963745,0.497394383,TallEuc,Reserve,9
AF-S1-C2_S2-5,18.6,3,0,0,3,0,0,18,7492.783203,0.243080273,530.3099365,0.503120422,Grassland,Reserve,9
AF-S1-C3,14.5,0,16,0,37,0,9,42,11316.34863,0.240384534,501.1775818,0.504586756,Shurbland,Reserve,9
AF-S1-C3_S2-3,14.5,0,2,0,3,0,0,42,11316.34863,0.240384534,501.1775818,0.504586756,Shurbland,Reserve,9
AF-S1-C4,12.5,0,0,0,27,0,10,61,13011.9834,0.223497748,577.4394531,0.499311686,Rainforest,Reserve,13
AF-S1-C5_S2-6,14.8,0,0,27,3,0,18,45,13500.94141,0.208963528,551.979126,0.504925907,Rainforest,Reserve,13
AF-S10-C1,6.7,17,0,0,3,0,25,10,7874.263184,0.18185164,374.8554382,0.529052377,TallEuc,ModifiedNative,4
AF-S10-C2,8.2,2,0,0,2,0,35,41,7614.365234,0.269055694,380.8874207,0.526690066,TallEuc,ModifiedNative,9
AF-S10-C3,9.5,0,0,0,2,0,18,40,8104.450684,0.233315453,378.5740662,0.527972341,Human/Other,Plantation,4
AF-S10-C3_S1-3,9.5,0,0,0,2,0,4,40,8104.450684,0.233315453,378.5740662,0.527972341,Human/Other,Plantation,4
AF-S10-C4,9.8,0,0,0,2,0,9,24,10075.91992,0.192805693,380.136322,0.531270564,TallEuc,ModifiedNative,13
AF-S10-C4_S1-2,9.8,0,0,0,0,0,13,24,10075.91992,0.192805693,380.136322,0.531270564,TallEuc,ModifiedNative,13
AF-S10-C5,10.2,8,0,0,1,0,20,150,10720.58984,0.212832987,391.4113159,0.530344188,TallEuc,Reserve,4
AF-S10-C5_S1-3,10.2,0,0,1,2,0,27,150,10720.58984,0.212832987,391.4113159,0.530344188,TallEuc,Reserve,4
AF-S2-C1,23.5,12,0,0,9,0,6,100,2349.188232,0.176252857,458.1124878,0.504606605,Woodland,ModifiedNative,13
AF-S2-C3,23.3,0,0,0,10,0,16,74,1494.121948,0.187649027,480.2694092,0.507803917,Woodland,ModifiedNative,13
AF-S2-C4_S3-5,23.2,0,0,0,9,0,12,74,1494.121948,0.187649027,480.2694092,0.507803917,Woodland,ModifiedNative,13
AF-S2-C5,22.1,0,0,0,10,0,35,3,241.5083923,0.430607915,351.9451294,0.514705896,Woodland,Reserve,9
AF-S2-C5_S1-2,22.1,0,0,0,0,0,2,3,241.5083923,0.430607915,351.9451294,0.514705896,Woodland,Reserve,9
AF-S3-C1,20,0,0,0,5,0,5,152,341.5297852,0.3571693,384.9744568,0.513179362,Rainforest,ModifiedNative,9
AF-S3-C2,19.5,0,0,0,13,0,3,65,502.811615,0.335882485,331.8041077,0.514942229,Woodland,Reserve,9
AF-S3-C3,19.9,0,0,0,10,0,11,93,1241.170288,0.232307389,411.1308594,0.50920862,TallEuc,ModifiedNative,13
AF-S3-C4,20.1,0,0,0,4,0,5,104,788.1172485,0.149858862,397.2382507,0.508127868,Rainforest,ModifiedNative,13
AF-S3-C4_S1-2,20.1,0,0,0,4,0,7,104,788.1172485,0.149858862,397.2382507,0.508127868,Rainforest,ModifiedNative,13
AF-S4-C1,19.5,1,0,1,39,3,0,105,2188.064697,0.170007452,546.7844849,0.499860018,TallEuc,Reserve,13
AF-S4-C1_S1-2,19.5,0,0,0,14,1,0,105,2188.064697,0.170007452,546.7844849,0.499860018,TallEuc,Reserve,13
AF-S4-C2_S4-8,19.9,8,0,0,4,0,2,123,1308.325928,0.154545262,468.4029541,0.511664867,Rainforest,Reserve,13
AF-S4-C3,19.4,3,0,0,24,0,1,123,1308.325928,0.154545262,468.4029541,0.511664867,Rainforest,Reserve,13
AF-S4-C4,19.8,1,0,0,0,0,1,94,1117.043213,0.177496776,445.7266846,0.514510334,TallEuc,Reserve,13
AF-S4-C4_S3-4,19.9,1,0,0,4,0,0,94,1117.043213,0.177496776,445.7266846,0.514510334,TallEuc,Reserve,13
AF-S4-C5_S3-7,19.9,0,0,0,13,0,3,105,670.9887085,0.292889774,372.8919678,0.512554586,Rainforest,Reserve,9
AF-S5-C1,20.6,1,0,0,9,0,30,19,1021.217224,0.256446928,443.2453613,0.513589859,Grassland,Reserve,9
AF-S5-C1_S1-2,20.6,0,0,0,4,0,5,19,1021.217224,0.256446928,443.2453613,0.513589859,Grassland,Reserve,9
AF-S5-C2,20.4,0,0,0,4,0,14,25,1838.712402,0.268874556,380.6152344,0.515265107,Woodland,Reserve,9
AF-S5-C2_S1-2,20.5,0,0,0,2,0,6,19,1021.217224,0.256446928,443.2453613,0.513589859,Grassland,Reserve,9
AF-S5-C3,19.9,15,0,0,17,0,11,65,584.9790649,0.348110914,474.4318542,0.512389243,Woodland,Reserve,13
AF-S5-C4_S1-2,19.7,1,0,0,2,0,5,25,1838.712402,0.268874556,380.6152344,0.515265107,Woodland,Reserve,9
AF-S5-C4_S4-7,19.7,0,0,0,1,0,14,25,1838.712402,0.268874556,380.6152344,0.515265107,Woodland,Reserve,9
AF-S5-C5_S1-2,19.4,2,0,0,1,0,11,11,1846.135254,0.307963639,400.8944397,0.514112175,Woodland,Reserve,9
AF-S5-C5_S3-5,19.4,4,0,0,1,0,29,11,1846.135254,0.307963639,400.8944397,0.514112175,Woodland,Reserve,9
AF-S6-C1,20.3,0,0,0,0,0,2,25,1838.712402,0.268874556,380.6152344,0.515265107,Woodland,Reserve,9
AF-S6-C1_S1-3,19.3,0,0,0,1,4,5,17,2126.302734,0.284507424,430.8692627,0.512889385,Woodland,Reserve,9
AF-S6-C1_S4-5,19.3,0,0,0,0,1,1,17,2126.302734,0.284507424,430.8692627,0.512889385,Woodland,Reserve,9
AF-S6-C2_S1-2,19.1,0,0,0,2,2,9,37,1387.409668,0.229685843,416.3214111,0.512033045,Woodland,Reserve,9
AF-S6-C2_S4-6,19.1,0,0,0,1,2,25,37,1387.409668,0.229685843,416.3214111,0.512033045,Woodland,Reserve,9
AF-S6-C3,18.7,0,0,4,1,1,23,17,2122.824219,0.335338026,453.5647888,0.508812368,Shurbland,Reserve,9
AF-S6-C4,19,0,0,2,1,8,36,17,2122.824219,0.335338026,453.5647888,0.508812368,Shurbland,Reserve,9
AF-S6-C5,19.7,0,0,1,6,5,31,17,2122.824219,0.335338026,453.5647888,0.508812368,Shurbland,Reserve,9
AF-S7-C3,18.5,25,0,0,20,0,24,42,867.3266602,0.215202615,333.2348022,0.51100111,Woodland,ModifiedNative,13
AF-S7-C4,18,7,0,30,25,0,24,59,815.8014526,0.20989278,353.1426086,0.508808315,Woodland,ModifiedNative,13
AF-S7-C5,18.4,3,0,21,16,0,19,63,1173.145264,0.219052628,351.6364746,0.508633435,Woodland,Reserve,13
AF-S8-C1,4.8,1,0,2,2,0,34,37,5208.280273,0.180775687,493.8327332,0.515020907,TallEuc,ModifiedNative,9
AF-S8-C2,4.8,0,0,4,3,0,34,37,5208.280273,0.180775687,493.8327332,0.515020907,TallEuc,ModifiedNative,9
AF-S8-C3,7.8,0,0,3,1,0,13,11,5214.62207,0.204956755,399.5173645,0.521844685,TallEuc,ModifiedNative,4
AF-S8-C4_S1-2,7.1,2,0,5,0,0,1,28,4384.111816,0.181985021,389.3995056,0.522313058,TallEuc,ModifiedNative,4
AF-S8-C4_S3-7,7.1,0,0,13,11,4,14,28,4384.111816,0.181985021,389.3995056,0.522313058,TallEuc,ModifiedNative,4
AF-S8-C5,7.3,0,0,6,8,2,12,87,3887.07251,0.23981607,504.4754028,0.517099559,TallEuc,ModifiedNative,4
AF-S8-C5_S1-3,7.3,3,0,3,1,1,0,87,3887.07251,0.23981607,504.4754028,0.517099559,TallEuc,ModifiedNative,4
AF-S9-C1,3.4,0,0,0,1,0,23,23,6440.382813,0.191191211,377.3234253,0.52674377,TallEuc,ModifiedNative,9
AF-S9-C2,4.4,0,0,0,0,0,48,33,5617.165527,0.177641407,460.7618713,0.523391068,TallEuc,ModifiedNative,9
AF-S9-C2_S1-2,4.5,0,0,0,0,0,12,33,5617.165527,0.177641407,460.7618713,0.523391068,TallEuc,ModifiedNative,9
AF-S9-C3,5.7,0,0,0,0,0,22,95,3761.542969,0.227915108,697.746582,0.49850136,TallEuc,Reserve,9
AF-S9-C3_S1-3,5.7,0,0,0,0,1,14,95,3761.542969,0.227915108,697.746582,0.49850136,TallEuc,Reserve,9
AF-S9-C4,3.9,0,1,0,37,0,38,34,6754.221191,0.26387316,378.3045349,0.527499139,TallEuc,ModifiedNative,4
AF-S9-C4_S1-3,3.8,0,0,0,1,6,26,34,6754.221191,0.26387316,378.3045349,0.527499139,TallEuc,ModifiedNative,4
AF-S9-C5_S1-2,5,0,0,0,16,0,3,25,7713.381836,0.226363927,374.1257324,0.528360844,TallEuc,ModifiedNative,13
AF-S9-C5_S4-7,5,0,0,0,21,0,3,25,7713.381836,0.226363927,374.1257324,0.528360844,TallEuc,ModifiedNative,13
BF-N2,4.2,0,0,0,0,0,2,5,2798.185303,0.248773426,50.73917007,0.497979075,Human/Other,Farming,9
BF-S1-C1,10.1,6,0,0,26,0,0,11,4277.53418,0.209495991,151.5439911,0.506670952,Rainforest,Reserve,13
BF-S1-C2,2.3,2,0,0,5,0,3,41,3534.091797,0.228371844,56.07215881,0.516551435,Rainforest,Reserve,13
BF-S1-C4,0.8,0,0,0,0,0,2,120,4917.959961,0.193473518,91.83826447,0.514773905,Rainforest,Reserve,11
BF-S1-C5_S1-2,3.6,9,0,0,0,0,1,83,7305.694336,0.257317364,214.0110779,0.505287647,Rainforest,Reserve,11
BF-S10-C1,2.6,19,3,20,2,0,0,9,9156.539063,0.186868176,70.51332092,0.513504803,TallEuc,ModifiedNative,4
BF-S10-C2_S1-2,3.3,6,0,0,1,3,28,22,923.5252075,0.186138898,63.48921204,0.504729748,TallEuc,Reserve,4
BF-S10-C3,7.2,0,0,0,53,0,7,16,10027.23633,0.199789688,57.25224686,0.514986098,Rainforest,ModifiedNative,6
BF-S10-C4,1.3,4,0,0,0,2,15,16,6575.981934,0.181639344,63.99750519,0.511393249,TallEuc,ModifiedNative,4
BF-S10-C5_S1-2,3.9,0,5,0,6,0,16,14,5954.489746,0.180999607,75.90254211,0.508601785,TallEuc,ModifiedNative,4
BF-S2-C1,5.2,1,0,0,3,0,3,65,5167.836914,0.174936965,182.4144592,0.5078125,Rainforest,Reserve,13
BF-S2-C2_S1-3,9.1,5,0,0,0,0,20,79,8250.330078,0.274555027,215.7932739,0.507119417,Grassland,Reserve,4
BF-S2-C3,9.3,29,0,0,3,0,34,18,8583.746094,0.297029048,236.8909912,0.505926609,Grassland,Reserve,13
BF-S2-C4,7.2,0,0,0,2,0,13,151,8808.151367,0.17854172,205.2856445,0.505028725,Rainforest,Reserve,13
BF-S2-C5_S1-3,1.1,34,0,0,5,0,20,131,3226.762207,0.210181892,262.682251,0.505307198,Rainforest,Reserve,13
BF-S3-C1,15.6,0,0,0,15,0,1,19,18938.62891,0.226833731,154.6795959,0.499666214,Shurbland,Reserve,9
BF-S3-C2,15.3,0,0,0,8,0,1,7,19007.08203,0.284998268,176.2429199,0.500166655,Grassland,Reserve,9
BF-S3-C3,17.4,0,0,0,5,0,1,30,17918.74414,0.312602758,201.1846771,0.499002665,Grassland,Reserve,9
BF-S3-C4,19.9,0,0,0,1,0,2,21,18087.77148,0.251634091,239.5259552,0.496292621,Woodland,Reserve,13
BF-S3-C4_S1,20.2,0,0,0,0,0,2,21,18087.77148,0.251634091,239.5259552,0.496292621,Woodland,Reserve,13
BF-S3-C5,25.9,1,0,0,0,0,14,20,16302.04102,0.272503227,230.9961395,0.503132403,Shurbland,Reserve,13
BF-S4-C1,21.8,5,0,0,30,0,0,34,17482.44727,0.184340402,268.3177185,0.500373185,Rainforest,Reserve,13
BF-S4-C2,22.9,3,0,0,19,0,0,47,15166.63184,0.220098838,277.6502991,0.498773724,Woodland,Reserve,13
BF-S4-C3,22.4,14,0,0,52,0,0,31,16227.66797,0.244742632,258.2950134,0.498398453,Shurbland,Reserve,13
BF-S4-C4,12.5,0,0,0,22,0,2,24,3777.142822,0.21125105,192.0119324,0.503308117,TallEuc,ModifiedNative,13
BF-S4-C5,14.5,7,0,0,11,0,9,23,1170.411499,0.273861617,228.7587128,0.501520872,Grassland,Reserve,13
BF-S5-C1,4.2,3,0,0,1,0,0,11,4275.805664,0.218147919,24.68067932,0.504435122,Shurbland,Reserve,10
BF-S5-C2,2.4,0,0,0,4,0,7,10,1987.091919,0.232699022,44.60702133,0.501529038,Shurbland,Reserve,10
BF-S5-C3,6.2,3,0,0,2,0,12,16,5126.751953,0.279127747,57.31272125,0.495506823,Woodland,Reserve,9
BF-S5-C4_S1,4.9,1,0,0,2,0,8,26,2320.092285,0.231587276,58.9066124,0.503349245,Rainforest,ModifiedNative,6
BF-S5-C5,3.5,2,0,0,3,0,5,57,11346.63965,0.251134485,68.81491852,0.491221756,Human/Other,Farming,5
BF-S6-C1,10.3,0,0,0,0,0,18,30,12439.0752,0.178485349,86.52875519,0.503231287,Human/Other,Plantation,7
BF-S6-C2,11.3,0,0,0,1,1,35,13,13790.63086,0.160700694,113.5028687,0.501189649,Human/Other,Plantation,7
BF-S6-C3,8,0,0,0,2,1,4,32,12943.36523,0.144267291,91.35351563,0.502119124,Human/Other,Plantation,7
BF-S6-C4,9.1,1,0,0,1,7,32,20,14014.36621,0.219770402,110.2853394,0.500684023,TallEuc,Plantation,7
BF-S6-C5,11.6,3,0,0,9,0,36,14,16578.19531,0.270250678,127.202919,0.50045228,Woodland,Reserve,9
BF-S7-C1,12.1,0,0,0,0,0,0,74,13090.08105,0.181573108,65.38995361,0.512034655,Rainforest,Reserve,5
BF-S7-C1_S1,12.1,2,0,0,10,0,0,32,11846.57031,0.181702241,52.25373459,0.514057517,TallEuc,ModifiedNative,5
BF-S7-C2,15.4,0,0,0,4,0,1,40,15112.22363,0.180295199,128.3898468,0.505638719,Rainforest,ModifiedNative,13
BF-S7-C3,17.5,10,0,0,8,0,0,27,14284.80664,0.188596234,164.4813385,0.502505422,Rainforest,Reserve,13
BF-S7-C4,17.6,43,0,0,26,0,1,11,17882.11914,0.276172847,154.5500946,0.5017097,Grassland,Reserve,9
BF-S7-C5,16.3,19,0,0,1,0,1,37,19536.875,0.188150242,131.5858917,0.502328694,Woodland,ModifiedNative,7
BF-S8-C1,9.2,0,0,0,2,0,1,16,8131.291992,0.188225701,201.3166809,0.500802815,Rainforest,ModifiedNative,5
BF-S8-C2,10,0,0,0,0,0,3,20,8827.337891,0.200170696,183.9835358,0.503734529,Rainforest,ModifiedNative,5
BF-S8-C3,9.9,4,0,0,5,0,38,16,7586.567383,0.197085038,158.6292114,0.506381869,Rainforest,ModifiedNative,13
BF-S8-C4,11.1,0,0,0,3,0,5,13,4596.085449,0.180125728,137.371048,0.510416687,TallEuc,ModifiedNative,13
BF-S8-C5,10.8,6,0,0,0,0,0,42,4919.668457,0.215175748,119.1598053,0.514155805,TallEuc,ModifiedNative,13
BF-S9-C1,5.1,2,0,0,0,1,24,69,7396.768555,0.178126678,97.19044495,0.508774757,Human/Other,Plantation,5
BF-S9-C2,7.9,0,0,2,32,0,2,39,12544.15234,0.200201809,78.70226288,0.511766613,Rainforest,ModifiedNative,11
BF-S9-C3,9,0,0,1,22,0,9,39,12968.82422,0.21425727,100.3397675,0.507427871,TallEuc,ModifiedNative,4
BF-S9-C4_S1-3,10.8,0,0,0,17,0,12,26,11577.37988,0.186591893,109.8337326,0.50586623,Rainforest,ModifiedNative,4
BF-S9-C5,10.3,13,0,0,32,0,13,12,9706.773438,0.205592155,63.6207428,0.508524597,Woodland,ModifiedNative,11
CM-N1,2.7,0,0,2,0,0,6,28,4193.591309,0.299252301,828.4823608,0.475900114,Grassland,Reserve,5
CM-N2,6.6,0,0,0,0,0,0,38,2837.452148,0.238613367,325.8655396,0.508219779,Grassland,Reserve,9
CM-N3,17.1,0,0,0,0,0,0,18,3233.291748,0.234332755,199.0292358,0.508241177,Rainforest,Reserve,11
CM-N4,6.5,0,3,0,4,0,0,36,2877.134521,0.268187761,692.3355103,0.474146754,Grassland,Reserve,4
CM-N4_S1,6.6,0,0,0,1,0,1,36,2877.134521,0.268187761,692.3355103,0.474146754,Grassland,Reserve,4
CM-N5,4.3,0,0,0,0,0,6,35,25324.45313,0.17999886,348.7598572,0.492797047,Woodland,Reserve,5
CM-N5_S1,4.3,0,0,0,0,0,1,35,25324.45313,0.17999886,348.7598572,0.492797047,Woodland,Reserve,5
CM-S1-C1_S1-3,4.6,19,0,0,0,0,0,60,2637.748779,0.241550982,645.3612671,0.493439406,TallEuc,ModifiedNative,5
CM-S1-C2,2.9,0,0,0,0,1,1,49,3748.862061,0.203505471,573.1212158,0.503244996,Human/Other,ModifiedNative,5
CM-S1-C3,2.8,39,0,2,1,12,32,96,4573.369629,0.24885577,647.2789307,0.498589873,Woodland,Reserve,10
CM-S1-C4,3.6,7,0,0,0,0,2,88,5151.344238,0.212898061,594.3875732,0.503320754,TallEuc,Reserve,5
CM-S1-C5,0.8,0,0,35,16,3,29,10,7834.044922,0.326539397,776.3251953,0.485476583,TallEuc,ModifiedNative,5
CM-S10-C1,7.2,1,0,0,3,0,4,147,30403.63672,0.263261497,463.8735962,0.484608889,Woodland,Reserve,5
CM-S10-C2,8.6,0,0,0,5,0,1,87,29967.27148,0.172353894,302.9797058,0.494499803,TallEuc,ModifiedNative,4
CM-S10-C2_S1,8.6,0,0,0,1,0,0,87,29967.27148,0.172353894,302.9797058,0.494499803,TallEuc,ModifiedNative,4
CM-S10-C3,10.5,10,0,17,0,0,0,78,27580.30078,0.192777231,190.602829,0.505640268,TallEuc,Reserve,4
CM-S10-C4,7.9,1,12,0,1,0,14,77,28575.49414,0.21234268,322.5127869,0.496834785,Woodland,Reserve,4
CM-S10-C5_S1-4,5,0,0,0,1,0,1,51,25378.76563,0.203990608,244.4529724,0.499689043,Woodland,ModifiedNative,4
CM-S2-C1,2.1,1,3,9,12,17,5,22,9118.080078,0.315853179,769.5437012,0.484989643,TallEuc,ModifiedNative,5
CM-S2-C2,4.8,2,17,0,6,0,17,31,10487.81152,0.295546055,794.2437134,0.485382587,TallEuc,ModifiedNative,5
CM-S2-C3,3.9,3,25,0,7,0,17,31,10487.81152,0.295546055,794.2437134,0.485382587,TallEuc,ModifiedNative,5
CM-S2-C4,4.1,24,18,0,11,8,3,31,9840.134766,0.265870631,798.6337891,0.482471108,TallEuc,ModifiedNative,5
CM-S3-C1,10,0,0,0,44,0,32,11,7604.503906,0.21913822,693.5628662,0.484642774,TallEuc,ModifiedNative,5
CM-S3-C2,7.4,0,0,0,0,0,1,26,9108.740234,0.210672662,708.7142334,0.482208639,TallEuc,ModifiedNative,5
CM-S3-C3,3.4,0,0,0,0,0,0,12,4652.971191,0.25847739,708.1008301,0.479411751,Woodland,Reserve,5
CM-S3-C3_S1,3.4,0,0,7,0,0,11,12,4652.971191,0.25847739,708.1008301,0.479411751,Woodland,Reserve,5
CM-S3-C4,4.8,1,0,0,22,0,12,82,3700.391846,0.200246826,626.3143921,0.487806052,Rainforest,ModifiedNative,5
CM-S3-C5,7.1,0,0,0,19,0,4,15,3260.747559,0.182543427,599.8037109,0.49017635,Rainforest,Reserve,9
CM-S4-C1,11.5,0,0,0,2,0,7,59,7337.339844,0.185569406,226.4027252,0.510917664,Woodland,Reserve,4
CM-S4-C2,11.3,3,0,0,4,0,49,76,6802.399902,0.192736834,263.5917969,0.508920312,Rainforest,Reserve,4
CM-S4-C3,11.3,14,0,0,28,0,3,77,7003.917969,0.213506833,425.2092896,0.499952614,Shurbland,Reserve,9
CM-S4-C4,12.1,7,0,0,25,0,29,18,7575.099121,0.254505605,400.6847229,0.499287337,TallEuc,Reserve,9
CM-S4-C5,10,12,0,0,27,0,1,70,6077.361328,0.232404575,549.1494751,0.489680678,Shurbland,Reserve,13
CM-S5-C2,10.8,0,0,0,0,0,1,106,1734.095825,0.186467379,127.7297592,0.515354633,Rainforest,Reserve,4
CM-S5-C3_S1-2,10.4,5,0,0,5,0,4,44,2382.560791,0.254856199,135.0388794,0.515625,Shurbland,Reserve,4
CM-S5-C4,15.4,1,0,0,19,0,0,70,5546.494629,0.29558897,277.6242676,0.508016646,Grassland,Reserve,11
CM-S5-C5,15.5,0,0,0,4,0,24,65,1753.942749,0.233538538,154.9328003,0.508556306,Rainforest,Reserve,5
CM-S6-C1_S1-3,6.3,14,0,0,40,5,0,59,6985.125977,0.243345916,235.6861725,0.507444918,Grassland,Reserve,4
CM-S6-C2_S1-3,5.1,16,0,0,41,11,13,57,8621.541992,0.21375531,293.7102051,0.502842605,TallEuc,Reserve,11
CM-S6-C3,3.3,1,0,0,3,0,41,56,10560.71387,0.181218043,393.8151245,0.499050766,Rainforest,Reserve,4
CM-S6-C4_S1-3,2.6,8,0,0,32,0,1,79,8139.890137,0.19466804,505.5414429,0.490101993,Grassland,Reserve,4
CM-S7-C1,8.5,0,0,1,23,6,0,19,5769.568848,0.237657711,610.3095093,0.484499604,Woodland,Plantation,5
CM-S7-C2,6.8,0,0,0,0,5,0,18,7685.227051,0.158175245,555.3167725,0.48543787,Human/Other,Plantation,5
CM-S7-C3,6.3,56,0,0,17,1,24,61,8319.407227,0.15629378,531.4572144,0.488315433,Human/Other,Plantation,5
CM-S7-C4,6.6,44,0,0,15,0,2,98,8992.582031,0.19580543,498.4944763,0.492122471,Woodland,Reserve,5
CM-S7-C5,7.8,23,0,0,19,0,1,52,10334.57324,0.21713154,323.3574524,0.501758516,Rainforest,Reserve,4
CM-S8-C1_S1-3,8.2,0,0,2,22,6,10,19,8433.124023,0.19903253,605.1366577,0.482135653,Woodland,ModifiedNative,5
CM-S8-C2,5,1,0,0,16,0,9,110,11164.7168,0.223238572,572.9910889,0.48410055,Human/Other,Plantation,5
CM-S8-C3,3.5,0,0,0,2,0,7,30,13473.52832,0.169833943,556.3075562,0.482509673,Woodland,ModifiedNative,5
CM-S8-C4,3.8,0,0,3,0,23,51,26,13136.00977,0.312983096,556.0419922,0.484419405,Human/Other,Plantation,5
CM-S8-C5,2,0,0,0,5,7,3,27,15424.2373,0.247268215,508.9468994,0.485150039,Human/Other,Plantation,5
CM-S9-C1,3.1,1,0,0,13,0,24,36,20575.51563,0.200643778,479.1976318,0.485732019,Human/Other,Reserve,4
CM-S9-C2,3.8,0,1,0,9,0,10,40,27173.60742,0.17491135,458.4415283,0.484164566,Human/Other,Plantation,5
CM-S9-C3,4.3,12,0,0,0,0,5,34,28270.88477,0.216818929,378.3951721,0.489987493,Woodland,Reserve,5
CM-S9-C4,3.8,0,0,0,1,0,10,34,28270.88477,0.216818929,378.3951721,0.489987493,Woodland,Reserve,5
CM-S9-C5,3.7,1,0,0,1,0,7,16,29312.94922,0.231924102,448.8611145,0.483375549,Human/Other,Plantation,5
HR-C1,2.6,0,0,0,3,0,3,155,8701.338867,0.320154727,77.07183838,0.532223344,TallEuc,Reserve,8
HR-C10,1.7,1,3,0,2,0,0,60,7507.865723,0.341070324,124.7502441,0.533863246,Woodland,Reserve,8
HR-C2,2.5,0,0,0,1,0,1,155,8701.338867,0.320154727,77.07183838,0.532223344,TallEuc,Reserve,8
HR-C3,2.4,0,0,0,14,0,4,155,8701.338867,0.320154727,77.07183838,0.532223344,TallEuc,Reserve,8
HR-C4_S1,2.2,0,0,0,4,0,0,157,7951.025391,0.36546284,196.7115631,0.521540463,Human/Other,ModifiedNative,8
HR-C5,2.3,0,0,0,11,0,2,157,7951.025391,0.36546284,196.7115631,0.521540463,Human/Other,ModifiedNative,8
HR-C6,2.1,0,0,0,3,0,2,155,8701.338867,0.320154727,77.07183838,0.532223344,TallEuc,Reserve,8
HR-C7,2.1,0,0,0,13,0,7,157,7951.025391,0.36546284,196.7115631,0.521540463,Human/Other,ModifiedNative,8
HR-C8,1.7,1,1,1,6,0,2,60,7507.865723,0.341070324,124.7502441,0.533863246,Woodland,Reserve,8
HR-C9,1.8,2,0,0,1,0,0,60,7507.865723,0.341070324,124.7502441,0.533863246,Woodland,Reserve,8
HR-GT,1.6,0,1,0,0,0,0,60,7507.865723,0.341070324,124.7502441,0.533863246,Woodland,Reserve,8
HR-TR,1.5,0,0,0,0,0,3,60,7507.865723,0.341070324,124.7502441,0.533863246,Woodland,Reserve,8
JC-CEN,2.1,1,0,0,2,0,0,99,9934.985352,0.286773086,152.0562744,0.525157213,TallEuc,Reserve,8
JC-CO-1,1.8,0,0,0,2,0,0,118,10677.59668,0.304444134,81.40960693,0.533799231,Human/Other,Urban,8
JC-CO-2,2.2,0,0,0,15,0,2,99,9934.985352,0.286773086,152.0562744,0.525157213,TallEuc,Reserve,8
JC-CO-3_S1-6,2.5,0,0,0,0,0,3,99,9934.985352,0.286773086,152.0562744,0.525157213,TallEuc,Reserve,8
JC-CO-4,2.1,0,0,0,1,0,0,99,9934.985352,0.286773086,152.0562744,0.525157213,TallEuc,Reserve,8
JC-PM-12,2,0,0,0,1,0,1,99,9934.985352,0.286773086,152.0562744,0.525157213,TallEuc,Reserve,8
JC-PM-23,2.3,0,0,0,0,0,4,99,9934.985352,0.286773086,152.0562744,0.525157213,TallEuc,Reserve,8
LH-CX1,8.4,0,0,0,0,0,0,12,967.9516602,0.283940822,756.942688,0.504915118,TallEuc,Reserve,4
LH-CX1_S1-2,8.4,0,0,0,1,0,4,12,967.9516602,0.283940822,756.942688,0.504915118,TallEuc,Reserve,4
LH-CX2,10.1,0,0,0,0,0,0,58,1671.428955,0.293013602,784.2752075,0.507306159,TallEuc,ModifiedNative,4
LH-CX2_S1,10,0,0,0,0,0,0,58,1671.428955,0.293013602,784.2752075,0.507306159,TallEuc,ModifiedNative,4
LH-CX3_S1,4.4,0,0,0,0,0,0,19,1965.708374,0.281703323,782.9197998,0.506541073,TallEuc,Reserve,4
LH-N1,2.9,0,0,0,0,0,3,81,1023.649597,0.248503,807.9046631,0.49846682,TallEuc,Reserve,4
LH-N2,11.9,0,0,0,0,4,0,66,1879.7854,0.36752969,723.6304932,0.508663833,Grassland,Reserve,4
LH-N3,5.3,1,0,0,1,0,3,76,2736.217773,0.300130159,869.3548584,0.496116757,TallEuc,Reserve,4
LH-N4,7.1,0,0,0,1,3,1,12,656.9724731,0.314406574,785.9102783,0.508324683,Woodland,Reserve,4
LH-N5,9,0,0,0,0,0,0,15,5461.517578,0.258370847,733.9620972,0.511789262,TallEuc,ModifiedNative,4
LH-S1-C1,16.1,0,0,0,0,0,0,16,9546.15625,0.268364549,428.1392822,0.523753285,Woodland,Reserve,9
LH-S1-C1_S1,16.1,0,0,0,0,0,0,29,8144.614746,0.342646122,539.3897095,0.508662224,Rainforest,Reserve,9
LH-S1-C1_S2,16.1,0,0,0,0,0,0,29,8144.614746,0.342646122,539.3897095,0.508662224,Rainforest,Reserve,9
LH-S1-C1_S3,16.1,0,0,0,0,0,0,29,8144.614746,0.342646122,539.3897095,0.508662224,Rainforest,Reserve,9
LH-S1-C2_S1,20,0,0,0,0,0,0,38,11478.97949,0.352611661,466.0682983,0.515879452,Shurbland,Reserve,9
LH-S1-C2_S2-5,20,0,0,0,0,0,0,38,11478.97949,0.352611661,466.0682983,0.515879452,Shurbland,Reserve,9
LH-S1-C3_S1,20.4,0,0,0,0,0,0,50,12328.45508,0.327458054,451.1554871,0.516882777,Grassland,Reserve,9
LH-S1-C3_S2-6,20.4,0,0,0,0,0,2,50,12328.45508,0.327458054,451.1554871,0.516882777,Grassland,Reserve,9
LH-S1-C4,20,0,0,0,0,0,0,98,14535.02832,0.272253245,438.9553833,0.513941526,Shurbland,Reserve,9
LH-S1-C4_S1-5,20,0,0,0,0,0,0,52,11536.69336,0.285279423,559.2498169,0.512035489,Grassland,Reserve,9
LH-S1-C5,20.1,0,0,0,0,0,0,29,8144.614746,0.342646122,539.3897095,0.508662224,Rainforest,Reserve,9
LH-S1-C5_S1,20.1,0,0,0,0,0,0,52,11536.69336,0.285279423,559.2498169,0.512035489,Grassland,Reserve,9
LH-S1-C5_S2-5,20.1,0,19,0,5,0,8,52,11536.69336,0.285279423,559.2498169,0.512035489,Grassland,Reserve,9
LH-S10-C1,2.3,0,0,0,0,0,0,54,1164.69873,0.272420973,780.2626343,0.505581915,Grassland,ModifiedNative,4
LH-S10-C1_S1-2,2.3,0,0,0,1,0,6,54,1164.69873,0.272420973,780.2626343,0.505581915,Grassland,ModifiedNative,4
LH-S10-C2,1.1,5,0,2,0,0,40,84,923.6052856,0.250934869,794.1362915,0.50393039,Shurbland,ModifiedNative,4
LH-S10-C3_S1,1.1,0,0,0,0,0,0,84,923.6052856,0.250934869,794.1362915,0.50393039,Shurbland,ModifiedNative,4
LH-S10-C4,5.4,0,0,0,0,0,0,30,4943.873535,0.249458179,699.3748779,0.510427475,TallEuc,Reserve,4
LH-S10-C4_S1-2,5.4,0,0,0,0,0,0,30,4943.873535,0.249458179,699.3748779,0.510427475,TallEuc,Reserve,4
LH-S2-C1,20.3,0,0,0,0,0,0,64,7005.598633,0.31235522,443.1519165,0.516693294,Woodland,Reserve,9
LH-S2-C1_S1-6,20.3,5,0,0,10,0,9,64,7005.598633,0.31235522,443.1519165,0.516693294,Woodland,Reserve,9
LH-S2-C2,20.7,6,0,0,20,0,21,64,7005.598633,0.31235522,443.1519165,0.516693294,Woodland,Reserve,9
LH-S2-C3,21.2,0,0,0,0,0,0,61,7853.143555,0.320979297,393.9367065,0.521195352,TallEuc,Reserve,9
LH-S2-C3_S1,21.2,0,0,0,0,0,0,61,7853.143555,0.320979297,393.9367065,0.521195352,TallEuc,Reserve,9
LH-S2-C4,21.5,0,0,0,0,0,0,61,7853.143555,0.320979297,393.9367065,0.521195352,TallEuc,Reserve,9
LH-S2-C4_S1,21.5,0,0,0,0,0,0,61,7853.143555,0.320979297,393.9367065,0.521195352,TallEuc,Reserve,9
LH-S2-C4_S2,21.5,0,0,0,1,0,0,61,7853.143555,0.320979297,393.9367065,0.521195352,TallEuc,Reserve,9
LH-S2-C5,22.2,0,0,0,0,0,0,46,7991.870605,0.338225067,500.5745239,0.513724446,Woodland,Reserve,9
LH-S2-C5_S1,22.2,0,0,0,0,0,0,46,7991.870605,0.338225067,500.5745239,0.513724446,Woodland,Reserve,9
LH-S3-C1_S1,14,0,0,1,0,0,0,37,3527.678223,0.33997798,849.4429932,0.496073544,Grassland,Reserve,4
LH-S3-C2,13.5,0,0,1,2,0,39,37,3527.678223,0.33997798,849.4429932,0.496073544,Grassland,Reserve,4
LH-S3-C3,12.1,0,3,0,2,7,42,66,1879.7854,0.36752969,723.6304932,0.508663833,Grassland,Reserve,4
LH-S3-C4,11.2,1,0,0,0,0,14,11,684.8441162,0.330839962,766.8939209,0.500999093,Grassland,Reserve,4
LH-S3-C5,12.1,0,0,0,0,0,0,20,1187.763672,0.359543979,735.6938477,0.502222836,TallEuc,Reserve,4
LH-S3-C5_S1,12.1,0,0,0,3,0,0,20,1187.763672,0.359543979,735.6938477,0.502222836,TallEuc,Reserve,4
LH-S4-C1_S1,9.4,0,0,0,0,0,0,34,3486.281494,0.315102547,823.5392456,0.494251281,Woodland,Reserve,4
LH-S4-C1_S2-6,9.4,8,0,3,1,11,52,34,3486.281494,0.315102547,823.5392456,0.494251281,Woodland,Reserve,4
LH-S4-C2,9,30,0,0,0,0,11,18,2639.240479,0.290125847,758.824646,0.503963947,Rainforest,Reserve,4
LH-S4-C3,8.3,0,0,0,0,0,0,9,2585.586914,0.30207634,781.8154907,0.501628637,Grassland,Reserve,4
LH-S4-C3_S3,8.2,1,0,0,0,0,0,9,2585.586914,0.30207634,781.8154907,0.501628637,Grassland,Reserve,4
LH-S4-C4,7.4,0,0,0,0,0,0,23,2043.197876,0.279524267,793.4123535,0.503108084,Grassland,Reserve,4
LH-S4-C4_S1-2,7.4,2,0,0,11,0,4,23,2043.197876,0.279524267,793.4123535,0.503108084,Grassland,Reserve,4
LH-S4-C5,7.2,21,0,0,1,0,1,25,1232.990112,0.284329861,779.0024414,0.5040344,Grassland,Reserve,4
LH-S5-C2,3.4,0,0,0,0,0,0,35,1991.208984,0.3081204,806.7149048,0.501345515,TallEuc,Reserve,4
LH-S5-C2_S1,3.1,0,0,0,0,0,0,51,1169.916626,0.255196303,798.7404175,0.499325424,TallEuc,Reserve,4
LH-S5-C3,4.3,0,0,0,0,0,0,40,1892.706299,0.241990402,784.486084,0.50125581,TallEuc,Reserve,4
LH-S5-C3_S1,4.3,0,0,0,0,0,0,40,1892.706299,0.241990402,784.486084,0.50125581,TallEuc,Reserve,4
LH-S5-C4_S1,5.6,0,0,0,0,0,0,56,807.6209106,0.267672569,777.9254761,0.50228864,TallEuc,Reserve,4
LH-S5-C5,7.1,0,0,0,0,0,0,29,1661.207886,0.285951704,790.3497314,0.503798008,Grassland,Reserve,4
LH-S5-C5_S2-5,7.1,0,0,3,4,0,68,29,1661.207886,0.285951704,790.3497314,0.503798008,Grassland,Reserve,4
LH-S6-C1,5,8,0,0,53,0,15,41,1536.084595,0.316462427,804.3807373,0.502154768,Rainforest,Reserve,4
LH-S6-C2,5.6,0,0,0,0,0,0,69,926.3399048,0.291211635,825.0663452,0.503065348,Shurbland,Reserve,4
LH-S6-C2_S1,5.6,0,0,0,0,0,0,41,1536.084595,0.316462427,804.3807373,0.502154768,Rainforest,Reserve,4
LH-S6-C3,5.3,0,0,0,0,0,0,160,2189.80542,0.300953299,919.3786011,0.487217963,Rainforest,Reserve,4
LH-S6-C3_S1,5.3,0,0,0,6,0,1,160,2189.80542,0.300953299,919.3786011,0.487217963,Rainforest,Reserve,4
LH-S6-C4,5.7,2,0,0,27,1,9,54,3009.290283,0.327828765,921.8718262,0.494665593,TallEuc,Reserve,4
LH-S6-C5,5.3,11,0,0,54,0,18,76,2736.217773,0.300130159,869.3548584,0.496116757,TallEuc,Reserve,4
LH-S7-C1,7.3,0,0,0,0,0,0,103,961.7189331,0.253719538,792.0505371,0.505697608,Woodland,Reserve,8
LH-S7-C1_S1,7.4,0,0,0,0,0,1,103,961.7189331,0.253719538,792.0505371,0.505697608,Woodland,Reserve,8
LH-S7-C2,9.2,0,0,9,33,0,6,15,2104.522949,0.268329859,766.7521362,0.508867085,Shurbland,Reserve,4
LH-S7-C3,8.2,0,0,0,0,0,0,40,1753.308838,0.292069614,749.281189,0.510121822,Woodland,ModifiedNative,4
LH-S7-C3_S4,8.1,0,0,0,1,0,0,40,1753.308838,0.292069614,749.281189,0.510121822,Woodland,ModifiedNative,4
LH-S7-C4,5.2,0,0,0,0,0,0,41,1501.708374,0.262464523,799.3220215,0.506222785,TallEuc,ModifiedNative,8
LH-S7-C4_S1,6.9,0,0,0,0,0,0,18,1223.166016,0.265084058,781.1399536,0.506116629,Woodland,ModifiedNative,4
LH-S7-C4_S2-3,6.9,0,1,0,7,1,1,18,1223.166016,0.265084058,781.1399536,0.506116629,Woodland,ModifiedNative,4
LH-S7-C5_S1,6.9,0,0,0,0,0,0,12,656.9724731,0.314406574,785.9102783,0.508324683,Woodland,Reserve,4
LH-S8-C1_S1,9.7,0,0,0,0,0,0,24,2927.157471,0.307522088,795.3648682,0.508444786,TallEuc,ModifiedNative,4
LH-S8-C2,10.6,0,3,0,5,0,54,33,2572.128662,0.300131261,815.1279907,0.50539726,TallEuc,ModifiedNative,4
LH-S8-C3,10.4,0,0,0,0,0,0,58,1671.428955,0.293013602,784.2752075,0.507306159,TallEuc,ModifiedNative,4
LH-S8-C3_S1,10.4,0,0,0,0,0,0,58,1671.428955,0.293013602,784.2752075,0.507306159,TallEuc,ModifiedNative,4
LH-S8-C4,10.7,0,0,0,0,0,0,52,1010.415466,0.273642749,798.12854,0.506707966,TallEuc,ModifiedNative,4
LH-S8-C4_S1,10.7,0,0,0,0,0,0,52,1010.415466,0.273642749,798.12854,0.506707966,TallEuc,ModifiedNative,4
LH-S8-C4_S2-4,10.7,0,7,0,15,0,25,52,1010.415466,0.273642749,798.12854,0.506707966,TallEuc,ModifiedNative,4
LH-S8-C5,9.1,0,0,0,0,0,0,14,2060.584229,0.292360574,753.0930176,0.512578607,TallEuc,Reserve,4
LH-S8-C5_S1,9.1,0,0,0,0,0,0,14,2060.584229,0.292360574,753.0930176,0.512578607,TallEuc,Reserve,4
LH-S9-C1,8.8,0,0,0,0,0,0,22,5667.570313,0.247957706,736.8678589,0.51060915,TallEuc,ModifiedNative,4
LH-S9-C1_S1,8.1,0,0,0,0,1,4,42,6337.354004,0.27021879,891.2700806,0.497516423,Shurbland,ModifiedNative,4
LH-S9-C2,8.9,7,0,0,0,0,3,32,6008.177734,0.25104776,818.1461182,0.504740775,TallEuc,ModifiedNative,4
LH-S9-C3,9,0,0,0,0,0,0,15,5461.517578,0.258370847,733.9620972,0.511789262,TallEuc,ModifiedNative,4
LH-S9-C3_S1-2,9,0,0,0,0,0,0,15,5461.517578,0.258370847,733.9620972,0.511789262,TallEuc,ModifiedNative,4
MR-N1,6.2,10,0,0,1,0,0,76,10479.87793,0.212169409,243.6520691,0.505977929,TallEuc,Reserve,6
MR-N2,10.3,2,0,0,0,0,0,25,1538.197021,0.189506918,171.035141,0.506089747,Rainforest,Reserve,5
MR-N3,10.7,3,0,0,0,2,0,62,3066.098877,0.219393373,255.2573853,0.504136026,Grassland,ModifiedNative,11
MR-N4,5.3,1,0,0,0,0,0,18,8748.226563,0.186319798,205.466217,0.514079154,Woodland,ModifiedNative,4
MR-N5_S3-6,1.7,0,0,0,2,0,0,56,3640.294678,0.19363685,299.303894,0.506435931,Rainforest,Reserve,13
MR-S1-C1,11.8,1,0,0,27,0,25,102,3820.125977,0.183813587,333.8148804,0.509714305,Rainforest,Reserve,4
MR-S1-C2,11.9,1,0,0,35,0,34,70,3266.37085,0.188020468,322.4801941,0.514022648,Rainforest,Reserve,9
MR-S1-C3,11.4,0,0,0,26,0,27,57,1910.83313,0.192329332,238.1786346,0.518920183,Rainforest,Reserve,9
MR-S1-C4_S1,6.1,0,0,0,0,0,0,16,5427.862305,0.202288687,194.2415619,0.516162753,Shurbland,Reserve,4
MR-S10-C1_S2,3.1,0,0,0,0,0,0,61,3972.31665,0.191982239,265.5,0.507198691,Rainforest,Reserve,13
MR-S10-C1_S4-6,3.1,0,0,0,1,0,1,61,3972.31665,0.191982239,265.5,0.507198691,Rainforest,Reserve,13
MR-S10-C2,1.9,0,0,0,0,0,0,43,2890.342529,0.22499837,272.3782654,0.511201739,Rainforest,Reserve,13
MR-S10-C3_S1,3,0,0,0,0,0,0,21,3421.586426,0.234722078,129.6758881,0.51527077,Rainforest,ModifiedNative,4
MR-S10-C3_S2-4,3,5,0,0,12,0,1,21,3421.586426,0.234722078,129.6758881,0.51527077,Rainforest,ModifiedNative,4
MR-S10-C4_S2-6,3.7,10,0,0,10,0,1,102,2067.135254,0.218706191,106.1872711,0.516215444,Rainforest,ModifiedNative,4
MR-S10-C5_S1-6,4.8,5,0,0,14,0,6,102,2067.135254,0.218706191,106.1872711,0.516215444,Rainforest,ModifiedNative,4
MR-S2-C1,2.6,4,0,0,0,0,11,41,7834.415527,0.268432498,106.3048172,0.510535777,Grassland,Reserve,9
MR-S2-C2,3.4,0,0,0,1,0,7,37,8791.75293,0.295255214,159.6697693,0.508296549,Grassland,Reserve,9
MR-S2-C3_S1,4.2,0,0,0,0,0,0,18,8762.716797,0.313356638,129.5937653,0.510912716,Grassland,Reserve,9
MR-S2-C3_S2-3,4.2,1,0,0,0,0,15,18,8762.716797,0.313356638,129.5937653,0.510912716,Grassland,Reserve,9
MR-S2-C4,7,0,0,0,0,0,0,42,10344.32813,0.2179344,198.9571533,0.507980347,Woodland,Reserve,6
MR-S2-C4_S1,7,2,0,0,0,0,0,42,10344.32813,0.2179344,198.9571533,0.507980347,Woodland,Reserve,6
MR-S2-C5_S1,6.2,0,0,0,0,0,0,12,10440.37207,0.19886446,184.5525665,0.510887265,TallEuc,ModifiedNative,4
MR-S2-C5_S2-5,6.2,21,0,0,31,0,2,12,10440.37207,0.19886446,184.5525665,0.510887265,TallEuc,ModifiedNative,4
MR-S3-C1,10.2,0,0,0,0,0,0,25,1538.197021,0.189506918,171.035141,0.506089747,Rainforest,Reserve,5
MR-S3-C1_S1,10.5,0,0,0,0,0,0,25,1538.197021,0.189506918,171.035141,0.506089747,Rainforest,Reserve,5
MR-S3-C2_S1,10.2,0,0,0,2,0,0,30,1974.525757,0.230542809,172.0301666,0.505998313,Rainforest,Reserve,13
MR-S3-C3,8.3,18,0,0,13,0,0,9,3524.199707,0.222441435,145.0105743,0.508505583,TallEuc,Reserve,13
MR-S3-C4_S2-6,8,43,0,0,2,0,25,21,4982.182129,0.283428371,128.4261475,0.509217322,Grassland,Reserve,5
MR-S3-C5,6.1,2,0,0,0,0,5,17,6992.089355,0.211501673,100.2982788,0.510607064,TallEuc,Reserve,5
MR-S4-C1,10.2,16,0,0,7,0,1,23,6109.779297,0.297826201,237.1178741,0.50274545,Grassland,ModifiedNative,9
MR-S4-C3,11.7,2,0,0,7,0,4,38,7009.637695,0.26479283,186.1000519,0.505883634,Shurbland,Reserve,9
MR-S4-C3_S1,11.7,1,0,0,3,0,0,38,7009.637695,0.26479283,186.1000519,0.505883634,Shurbland,Reserve,9
MR-S4-C4,11.5,0,0,0,4,0,1,45,6015.22168,0.332912326,243.3996582,0.504158795,Grassland,Reserve,11
MR-S4-C5,11.5,0,0,0,0,0,2,19,5407.443848,0.284669697,223.2082367,0.50606823,Grassland,Reserve,11
MR-S5-C1_S1-5,13.2,12,0,0,7,0,9,19,4202.464844,0.222938001,266.6965027,0.500737906,Rainforest,ModifiedNative,11
MR-S5-C2_S2-3,12.2,0,0,0,5,0,2,52,4673.943848,0.321821898,250.2372742,0.50246489,Grassland,ModifiedNative,11
MR-S5-C3_S1-6,12.4,1,0,0,10,0,16,68,4056.918701,0.238950416,225.0144653,0.506598115,Grassland,Reserve,5
MR-S5-C4,13.7,0,0,0,0,0,0,23,2733.320801,0.313530654,191.544754,0.50814265,Grassland,Reserve,11
MR-S5-C5,12.7,8,0,0,34,0,10,43,2985.73877,0.212578535,249.611084,0.507711291,Woodland,Reserve,5
MR-S5-C5_S1,12.7,0,0,0,2,0,2,43,2985.73877,0.212578535,249.611084,0.507711291,Woodland,Reserve,5
MR-S6-C1,12.3,4,0,0,9,7,1,26,1253.037109,0.198889613,139.2128143,0.50939393,TallEuc,ModifiedNative,5
MR-S6-C1_S1,12.2,0,0,0,0,0,0,105,1491.533569,0.175729692,139.5469513,0.509044707,TallEuc,ModifiedNative,5
MR-S6-C2,2.9,0,0,0,0,0,0,37,7833.40332,0.29199475,227.8170624,0.508550823,Shurbland,Reserve,11
MR-S6-C4,9.8,0,0,0,0,0,0,25,1371.898926,0.334588736,167.9090424,0.507207215,Grassland,Reserve,11
MR-S6-C5,3,0,0,0,0,0,1,9,7100.083984,0.212698296,208.9003143,0.510367751,Woodland,Reserve,13
MR-S7-C1,5.4,3,0,0,1,0,13,23,8504.830078,0.178217575,230.6648254,0.512962937,TallEuc,ModifiedNative,4
MR-S7-C1_S1-4,5.4,0,0,0,0,0,1,23,8504.830078,0.178217575,230.6648254,0.512962937,TallEuc,ModifiedNative,4
MR-S7-C2,6.3,7,0,0,0,0,9,28,8339.213867,0.208301336,255.8946991,0.513155401,Woodland,ModifiedNative,4
MR-S7-C3,7.7,0,0,0,0,0,7,44,8255.489258,0.18567045,256.3773804,0.512471676,Woodland,Reserve,4
MR-S7-C4,8.9,5,0,0,0,0,14,107,8337.352539,0.190740019,302.801178,0.510770977,Rainforest,Reserve,13
MR-S7-C5,9,3,0,0,0,0,16,56,9012.645508,0.179748103,401.4338074,0.506388247,Rainforest,Reserve,13
MR-S7-C5_S1-2,9,3,0,0,1,0,3,54,9051.567383,0.18576023,362.4595642,0.508684516,Woodland,Reserve,13
MR-S8-C1,6.5,0,0,0,0,0,0,42,8967.605469,0.18543303,287.1777954,0.50875932,Woodland,ModifiedNative,4
MR-S8-C2,5.7,0,0,0,0,0,19,13,9039.900391,0.246985957,216.3197174,0.512476206,Grassland,ModifiedNative,4
MR-S8-C3,5.8,0,0,0,0,0,40,25,6886.431152,0.177407026,260.9604187,0.510968685,Rainforest,ModifiedNative,4
MR-S8-C3_S1,6,0,0,0,0,0,11,23,7256.529297,0.192906782,228.5330353,0.511612415,Grassland,ModifiedNative,4
MR-S8-C4,6.6,0,0,0,0,0,35,23,7665.494629,0.207441166,231.8851013,0.512554467,Human/Other,Plantation,4
MR-S8-C5,6.6,0,0,0,0,0,2,17,8509.451172,0.222783521,243.1497192,0.511925101,TallEuc,ModifiedNative,4
MR-S9-C3,4,3,0,0,0,0,0,94,4921.898926,0.187503234,315.4689636,0.508456886,Rainforest,Reserve,4
MR-S9-C4,3.2,12,0,0,1,0,9,16,4193.205078,0.194423676,322.2763672,0.511352956,Rainforest,Reserve,4
MR-S9-C4_S1,3.2,0,0,0,0,0,0,16,4193.205078,0.194423676,322.2763672,0.511352956,Rainforest,Reserve,4
MR-S9-C5,4.6,1,0,0,0,0,2,89,5759.243164,0.270296365,308.4315186,0.506553769,Human/Other,ModifiedNative,4
MR-S9-C5_S1-4,4.6,2,0,0,0,0,5,89,5759.243164,0.270296365,308.4315186,0.506553769,Human/Other,ModifiedNative,4
PW-N2,4,0,0,0,1,0,0,64,5774.570313,0.339091331,92.65460205,0.536231875,TallEuc,ModifiedNative,10
PW-N3,9.7,2,0,0,1,0,0,51,13969.7666,0.231276855,415.1583557,0.504220068,TallEuc,Plantation,4
PW-N4,22,0,0,0,1,0,0,41,25713.08594,0.257571131,191.510437,0.52658993,Woodland,Plantation,4
PW-S1-C1,7.1,0,0,0,24,0,14,92,8465.128906,0.194750845,86.98471832,0.530133426,Woodland,Reserve,10
PW-S1-C2,6.5,0,0,0,8,0,27,39,8193.795898,0.222704872,76.25311279,0.530303001,Woodland,Reserve,10
PW-S1-C2_S1,6.5,0,0,0,3,0,2,39,8193.795898,0.222704872,76.25311279,0.530303001,Woodland,Reserve,10
PW-S1-C3,7.4,7,0,0,7,0,3,77,9348.583984,0.391039819,118.4270248,0.522895038,TallEuc,Reserve,10
PW-S1-C4,5.7,0,0,0,8,0,14,27,8236.228516,0.225660786,62.98098755,0.532689691,TallEuc,Reserve,6
PW-S1-C5,4.6,0,0,0,10,0,10,32,8333.579102,0.218991473,51.80794525,0.530390799,Shurbland,Reserve,6
PW-S10-C1,21.6,0,0,0,45,0,0,83,20699.57227,0.222147152,420.6351624,0.512745082,TallEuc,Reserve,4
PW-S10-C2,20.8,1,0,0,5,0,0,67,19642.6543,0.201229841,307.9136047,0.517133951,TallEuc,Reserve,4
PW-S10-C3,20.5,0,0,0,8,0,5,190,17491.62891,0.225246757,272.9797058,0.528494895,TallEuc,Reserve,4
PW-S10-C4,21.6,0,0,0,0,0,0,105,23939.74805,0.223558664,368.0369873,0.509195745,TallEuc,Reserve,4
PW-S10-C4_S1,21.5,0,0,0,5,0,1,105,23939.74805,0.223558664,368.0369873,0.509195745,TallEuc,Reserve,4
PW-S10-C5,24.8,1,0,0,28,0,23,70,26290.64063,0.226867646,334.1721497,0.516515672,Woodland,Reserve,4
PW-S10-C5_S1,24.8,2,0,0,12,0,3,62,26275.2793,0.212170795,395.5872803,0.514166176,Woodland,Reserve,4
PW-S2-C1,4.2,0,0,0,2,0,11,27,6042.450684,0.353522569,41.78182602,0.533477664,TallEuc,Reserve,10
PW-S2-C2,4.5,2,0,0,2,0,43,35,7111.52002,0.221593797,43.65851212,0.533165574,TallEuc,Reserve,6
PW-S2-C3,2.4,0,0,0,4,0,49,8,5173.949707,0.205307066,40.37271881,0.532868505,Shurbland,Reserve,10
PW-S2-C4,2.7,0,0,0,0,0,5,43,5040.270508,0.211426467,64.52740479,0.530514896,TallEuc,Reserve,8
PW-S3-C1,5.8,0,0,0,21,0,14,29,9010.213867,0.195483446,83.52829742,0.536349118,TallEuc,Reserve,10
PW-S3-C2,4.7,0,0,0,0,0,0,200,7860.014648,0.185759529,153.7651215,0.528838277,TallEuc,ModifiedNative,10
PW-S3-C2_S1,6.3,1,0,0,5,0,11,112,8069.332031,0.182562903,250.9384918,0.514376998,TallEuc,ModifiedNative,8
PW-S3-C2_S2-4,6.3,6,0,0,0,0,5,112,8069.332031,0.182562903,250.9384918,0.514376998,TallEuc,ModifiedNative,8
PW-S3-C3,4.1,0,0,0,0,0,0,113,5687.680176,0.194419578,167.7954407,0.52592361,TallEuc,ModifiedNative,8
PW-S3-C3_S1-3,4.7,2,0,0,8,0,7,102,6786.730469,0.22095935,286.3173218,0.509114563,Woodland,Reserve,8
PW-S3-C4,3.4,0,0,0,0,0,3,40,6828.536621,0.209023237,88.26029205,0.536699116,Human/Other,ModifiedNative,10
PW-S3-C4_S1-3,3.5,0,0,0,0,0,1,40,6828.536621,0.209023237,88.26029205,0.536699116,Human/Other,ModifiedNative,10
PW-S3-C5_S1,2.9,0,0,0,0,0,0,145,4962.715332,0.203765363,137.019043,0.521608889,Woodland,Reserve,6
PW-S3-C5_S3-4,2.9,0,0,0,2,0,5,145,4962.715332,0.203765363,137.019043,0.521608889,Woodland,Reserve,6
PW-S4-C1_S1,6.3,0,0,0,0,0,2,102,11002.46973,0.213720322,185.7605438,0.52346772,Woodland,Reserve,8
PW-S4-C1_S2-6,5.6,16,0,0,0,0,0,38,13728.03027,0.210587516,208.9088898,0.522835791,TallEuc,ModifiedNative,8
PW-S4-C2_S1,6.2,0,0,0,0,0,0,106,10559.19238,0.193809241,211.3649597,0.522120297,TallEuc,ModifiedNative,8
PW-S4-C3,7,4,0,0,0,0,8,100,10916.88086,0.166684926,167.9904327,0.525211334,TallEuc,ModifiedNative,8
PW-S4-C3_S1,7,4,0,0,0,0,2,100,10916.88086,0.166684926,167.9904327,0.525211334,TallEuc,ModifiedNative,8
PW-S4-C4,5.4,0,0,0,0,0,2,19,11074.16992,0.1770695,131.4639282,0.529268563,Human/Other,Plantation,8
PW-S4-C5,6.3,29,0,0,8,4,33,29,12770.30664,0.186580241,255.219696,0.513417661,Human/Other,Plantation,8
PW-S5-C1,8.7,0,0,2,26,0,11,118,15484.99512,0.206040025,401.5893555,0.487262517,TallEuc,Reserve,8
PW-S5-C1_S1,8.7,0,0,0,0,0,0,118,15484.99512,0.206040025,401.5893555,0.487262517,TallEuc,Reserve,8
PW-S5-C2,6.9,10,0,0,1,0,12,56,14954.74219,0.243940338,237.3953247,0.520185411,TallEuc,Reserve,8
PW-S5-C3,6.7,10,0,0,0,0,2,40,14807.97461,0.219680741,146.4065094,0.530577958,TallEuc,Reserve,8
PW-S5-C4,5.9,1,0,0,0,0,0,43,13447.9834,0.189668939,160.163559,0.529073119,TallEuc,Plantation,8
PW-S5-C4_S1-4,5.9,0,0,0,0,0,0,43,13447.9834,0.189668939,160.163559,0.529073119,TallEuc,Plantation,8
PW-S5-C5_S2-7,7.7,0,0,2,0,0,0,38,12259.41602,0.200742394,199.3592377,0.530649722,Human/Other,Plantation,8
PW-S6-C1,8.8,6,0,2,2,0,11,60,13372.46973,0.219841957,367.4903259,0.508991361,TallEuc,Plantation,4
PW-S6-C2,10.1,0,0,0,0,0,0,80,13255.87598,0.223715931,316.872406,0.51572603,TallEuc,Plantation,4
PW-S6-C2_S1-4,10.1,6,0,0,5,0,3,80,13255.87598,0.223715931,316.872406,0.51572603,TallEuc,Plantation,4
PW-S6-C3,10.6,1,0,0,24,0,2,128,15317.2627,0.205314875,379.2415161,0.505093753,TallEuc,Reserve,8
PW-S6-C4,8.6,13,0,0,0,0,12,35,14161.09766,0.228076652,369.5783081,0.488405347,TallEuc,Plantation,4
PW-S6-C5,10.9,8,0,0,4,0,9,51,13909.10352,0.240179688,295.7995605,0.516705751,Grassland,Reserve,8
PW-S7-C1,12.9,0,0,0,0,0,0,133,14528.45703,0.23186475,508.4195862,0.487585336,TallEuc,ModifiedNative,8
PW-S7-C1_S1-4,12.9,6,0,0,0,0,3,133,14528.45703,0.23186475,508.4195862,0.487585336,TallEuc,ModifiedNative,8
PW-S7-C2,11.8,0,0,0,0,0,0,62,13445.85352,0.303206712,349.9599915,0.513132215,TallEuc,Plantation,8
PW-S7-C2_S1,11.8,0,0,0,0,0,0,62,13445.85352,0.303206712,349.9599915,0.513132215,TallEuc,Plantation,8
PW-S7-C3,11.4,18,0,0,8,0,6,85,12579.5293,0.211688817,553.1238403,0.48643893,TallEuc,Plantation,4
PW-S7-C3_S1,11.4,0,0,0,0,0,0,45,13375.24512,0.201671466,493.8531799,0.498487592,TallEuc,Plantation,4
PW-S7-C4_S1,11.6,4,0,0,3,0,8,176,13896.70215,0.257049829,624.8027954,0.483550578,Woodland,Reserve,4
PW-S7-C4_S3-S7,11.6,5,0,0,10,0,0,96,11661.36133,0.234341294,565.4747925,0.48082459,TallEuc,ModifiedNative,4
PW-S7-C5,8.3,0,0,0,0,0,0,46,11762.16211,0.232924923,605.5081177,0.481738687,TallEuc,ModifiedNative,4
PW-S8-C1,17.2,0,0,11,10,0,11,84,18182.32813,0.254046857,167.9198914,0.528287053,Human/Other,Plantation,8
PW-S8-C2,18.2,0,0,0,1,0,0,74,17970.63867,0.210492492,89.47857666,0.534593642,Human/Other,Plantation,8
PW-S8-C3,17.9,0,0,2,10,0,2,52,19015.21094,0.3179304,106.4280167,0.533488691,TallEuc,ModifiedNative,8
PW-S8-C4,18,4,0,3,13,0,5,13,19906.91992,0.237824678,88.902565,0.534415603,TallEuc,Reserve,8
PW-S8-C4_S1,18,0,0,0,0,0,7,13,19906.91992,0.237824678,88.902565,0.534415603,TallEuc,Reserve,8
PW-S8-C5,18.2,4,0,0,7,0,16,108,21481.58008,0.447140485,199.9403229,0.523809552,Rainforest,Reserve,4
PW-S9-C1,22.6,0,0,0,17,0,0,88,26703.125,0.235867783,225.937088,0.517195761,TallEuc,ModifiedNative,4
PW-S9-C1_S1,22.6,0,0,0,2,0,1,88,26703.125,0.235867783,225.937088,0.517195761,TallEuc,ModifiedNative,4
PW-S9-C2,21.9,2,0,0,14,0,42,43,25963.54883,0.272378802,188.4671936,0.524297833,Rainforest,ModifiedNative,4
PW-S9-C3,21.8,5,0,0,1,0,16,69,25235.54688,0.229637146,205.7205505,0.526749551,Rainforest,Reserve,4
PW-S9-C4,24,15,0,0,11,0,6,136,27150.34766,0.216808483,329.2831726,0.515282571,TallEuc,Reserve,4
PW-S9-C5,22.7,0,0,0,23,0,14,55,26466.14648,0.217444837,274.0379639,0.518130481,TallEuc,Reserve,8
SV-N1,7.7,0,1,0,0,0,1,44,6871.641602,0.21645008,265.1122437,0.523555338,Human/Other,Plantation,4
SV-N2,14,0,0,0,0,0,2,83,10263.41699,0.213941678,192.0936279,0.526874781,Woodland,Reserve,4
SV-N3,1.1,0,0,0,0,0,4,76,12485.47559,0.221277431,339.59729,0.526928008,TallEuc,ModifiedNative,4
SV-N4,10.1,0,0,0,0,0,0,85,6214.432129,0.310131341,512.3916016,0.500834286,TallEuc,ModifiedNative,4
SV-N5,7.6,0,0,0,0,0,0,119,14165.61035,0.232319877,397.3348694,0.519164979,TallEuc,Reserve,8
SV-S1-C1,4.8,0,0,0,5,0,18,94,5868.939453,0.208154917,547.2808838,0.50594604,TallEuc,Reserve,4
SV-S1-C2_S2-5,8.5,8,0,0,1,1,1,43,7722.277344,0.335447222,388.7438354,0.522692502,TallEuc,ModifiedNative,9
SV-S1-C3,3.8,1,0,0,0,0,2,119,11301.11719,0.183032602,463.1696472,0.515654743,Shurbland,ModifiedNative,9
SV-S1-C3_S1,7.3,0,0,0,0,0,0,121,5823.357422,0.199804336,501.9715576,0.509112537,TallEuc,Reserve,4
SV-S1-C3_S3-4,3.7,0,0,11,0,0,8,128,11209.93066,0.181956246,418.5492859,0.517561972,TallEuc,ModifiedNative,9
SV-S1-C4,5.4,0,0,0,0,0,2,104,12257.58887,0.249628857,447.8596497,0.517357528,Shurbland,ModifiedNative,8
SV-S1-C5,6.6,28,0,0,17,5,13,18,8652.72168,0.213046476,314.9302368,0.526995301,TallEuc,Reserve,9
SV-S10-C1,14.8,0,0,0,0,0,0,175,11151.24316,0.211590871,450.6302795,0.502430379,Woodland,ModifiedNative,4
SV-S10-C1_S1,14.8,0,0,0,0,0,0,175,11151.24316,0.211590871,450.6302795,0.502430379,Woodland,ModifiedNative,4
SV-S10-C2,15.5,0,0,0,0,0,0,38,12353.55762,0.195394605,389.5044556,0.507881641,Woodland,ModifiedNative,4
SV-S10-C2_S1,15.5,0,0,0,0,0,0,38,12353.55762,0.195394605,389.5044556,0.507881641,Woodland,ModifiedNative,4
SV-S10-C3,15.3,12,0,0,0,0,24,60,13593.09082,0.204725251,332.715271,0.518434227,Woodland,ModifiedNative,4
SV-S10-C4,13.9,0,0,0,3,0,4,74,11518.80664,0.209566146,286.7785034,0.522504807,Woodland,Reserve,4
SV-S10-C5,19.5,0,0,0,1,0,9,44,16482.87305,0.243963242,166.1186981,0.530724585,TallEuc,ModifiedNative,4
SV-S10-C5_S1,15.9,4,0,0,0,0,8,60,13593.09082,0.204725251,332.715271,0.518434227,Woodland,ModifiedNative,4
SV-S2-C1,2,0,1,5,8,0,29,51,13410.31055,0.336851418,733.2344971,0.491932541,TallEuc,Reserve,11
SV-S2-C2_S1-7,1.3,11,0,0,0,5,6,101,14376.2334,0.225419909,412.6332397,0.521958053,TallEuc,Reserve,8
SV-S2-C3,0.3,0,0,0,2,0,2,45,13008.37305,0.282333672,414.9860535,0.521893024,TallEuc,ModifiedNative,8
SV-S2-C4,6.2,0,0,0,0,0,0,103,15209.88281,0.198419556,463.3596497,0.512710392,Woodland,Reserve,8
SV-S2-C5,4.8,3,0,0,8,0,7,70,17027.40625,0.244190007,336.4913025,0.523915529,TallEuc,Reserve,8
SV-S2-C5_S1,4.8,1,0,0,3,0,2,70,17027.40625,0.244190007,336.4913025,0.523915529,TallEuc,Reserve,8
SV-S3-C1_S1,8.6,0,0,0,0,1,11,72,13118.96973,0.170624316,458.5272217,0.512004912,Rainforest,Reserve,8
SV-S3-C1_S2-8,8.6,0,0,0,2,1,8,72,13118.96973,0.170624316,458.5272217,0.512004912,Rainforest,Reserve,8
SV-S3-C2,8.3,0,0,0,19,11,15,26,12793.24023,0.175370842,519.2189941,0.510246277,TallEuc,Reserve,8
SV-S3-C3_S1,7.7,0,0,0,1,1,1,60,13861.7998,0.18707341,391.2258606,0.520125151,Human/Other,Reserve,8
SV-S3-C3_S2-5,7.7,1,0,10,1,10,10,60,13861.7998,0.18707341,391.2258606,0.520125151,Human/Other,Reserve,8
SV-S3-C4,7.8,0,0,0,0,0,0,148,13121.08984,0.189766213,571.7397461,0.498270512,TallEuc,Reserve,8
SV-S3-C4_S1,7.8,6,0,0,0,1,1,148,13121.08984,0.189766213,571.7397461,0.498270512,TallEuc,Reserve,8
SV-S3-C5,6.6,9,1,0,5,1,23,99,13652.58789,0.288189828,857.4043579,0.471022934,Shurbland,Reserve,11
SV-S3-C5_S1,6.6,0,0,0,0,0,0,99,13652.58789,0.288189828,857.4043579,0.471022934,Shurbland,Reserve,11
SV-S4-C1,6.6,0,0,1,0,0,3,126,14621.51953,0.283802152,651.4342651,0.500588477,TallEuc,Reserve,8
SV-S4-C2,7.5,0,0,1,4,10,8,42,14951.99512,0.226215139,396.062439,0.518833876,TallEuc,Reserve,8
SV-S4-C3,8.2,0,0,0,0,1,3,105,13988.85156,0.230651945,412.5761719,0.515815079,Rainforest,Reserve,8
SV-S4-C3_S1,8.2,0,0,0,0,0,0,105,13988.85156,0.230651945,412.5761719,0.515815079,Rainforest,Reserve,8
SV-S4-C4,8.9,0,0,0,3,1,9,23,13364.08398,0.223033965,429.850769,0.51374346,TallEuc,Reserve,8
SV-S5-C1,11.3,1,0,1,11,6,6,36,5868.125488,0.285388291,429.4694519,0.510875344,TallEuc,ModifiedNative,4
SV-S5-C1_S1,13.7,0,0,0,6,0,4,56,5731.492676,0.231711909,512.0570679,0.502633989,TallEuc,ModifiedNative,4
SV-S5-C1_S2,13.7,0,0,0,1,0,3,56,5731.492676,0.231711909,512.0570679,0.502633989,TallEuc,ModifiedNative,4
SV-S5-C2,12.6,1,0,9,2,0,29,55,3931.312012,0.23089312,644.9534912,0.496197373,TallEuc,Reserve,4
SV-S5-C2_S1,12.6,0,0,0,5,0,7,55,3931.312012,0.23089312,644.9534912,0.496197373,TallEuc,Reserve,4
SV-S5-C3,11.8,1,0,1,14,4,5,68,6656.255371,0.258186191,429.2999573,0.511873364,Woodland,ModifiedNative,4
SV-S5-C4_S1-6,12.9,0,0,0,0,0,0,77,7514.274902,0.225752681,486.6234436,0.505385041,TallEuc,ModifiedNative,4
SV-S5-C5_S1-6,13.3,9,0,0,11,0,13,88,8038.041504,0.251214385,652.7341309,0.492462307,TallEuc,ModifiedNative,11
SV-S6-C1,10.9,0,0,0,0,0,0,26,3411.475342,0.303059012,548.2283325,0.496036202,TallEuc,ModifiedNative,4
SV-S6-C1_S1,10.9,0,0,0,0,0,0,26,3411.475342,0.303059012,548.2283325,0.496036202,TallEuc,ModifiedNative,4
SV-S6-C2,11.4,0,0,0,21,3,1,35,3901.005859,0.204042554,619.3891602,0.497035384,TallEuc,Reserve,4
SV-S6-C2_S1,11.3,0,0,0,10,3,2,35,3901.005859,0.204042554,619.3891602,0.497035384,TallEuc,Reserve,4
SV-S6-C3,10.1,0,0,1,0,0,0,51,4646.125488,0.220384359,615.418457,0.496376812,TallEuc,ModifiedNative,4
SV-S6-C4,9.1,0,0,2,4,0,49,82,6207.021973,0.205300361,556.0803223,0.496612847,TallEuc,ModifiedNative,4
SV-S6-C5,11,0,0,0,18,0,16,86,6499.059082,0.221554071,391.0395203,0.514695644,TallEuc,ModifiedNative,4
SV-S6-C5_S1,11,0,0,0,0,0,0,86,6499.059082,0.221554071,391.0395203,0.514695644,TallEuc,ModifiedNative,4
SV-S7-C1,7.2,0,0,4,1,0,0,43,7592.01416,0.219323739,235.4479828,0.527931094,TallEuc,ModifiedNative,4
SV-S7-C2,11.1,0,0,0,0,0,0,79,6575.304199,0.208556935,608.8447266,0.489140838,TallEuc,Reserve,11
SV-S7-C3,6.1,8,0,0,2,9,12,92,7702.69043,0.242927596,214.0473328,0.526916683,TallEuc,ModifiedNative,4
SV-S7-C4,4.9,0,0,0,0,0,0,52,9579.381836,0.251206398,225.7463074,0.529455423,TallEuc,ModifiedNative,4
SV-S7-C4_S1,7.7,0,0,0,0,0,6,43,6043.103516,0.223197192,351.7860413,0.516988993,TallEuc,ModifiedNative,4
SV-S7-C4_S2-5,7.7,0,0,0,6,3,4,43,6043.103516,0.223197192,351.7860413,0.516988993,TallEuc,ModifiedNative,4
SV-S7-C5,9.4,0,0,0,0,0,0,30,5071.600586,0.202544853,417.0137329,0.509611964,TallEuc,ModifiedNative,4
SV-S8-C1,6.9,0,0,0,0,0,0,61,8348.349609,0.205087557,281.2392883,0.525854826,TallEuc,ModifiedNative,4
SV-S8-C1_S1,6.8,0,0,0,0,0,0,87,8848.825195,0.171864256,510.8698425,0.510853946,Human/Other,Plantation,4
SV-S8-C1_S2,6.9,0,0,0,0,0,0,87,8848.825195,0.171864256,510.8698425,0.510853946,Human/Other,Plantation,4
SV-S8-C2_S1-2,8.1,1,0,0,0,0,0,129,10129.44434,0.216888025,589.3223267,0.487909436,TallEuc,ModifiedNative,4
SV-S8-C2_S4-5,8.6,1,0,0,3,0,1,87,12820.20996,0.214381784,432.0384521,0.506703377,TallEuc,Reserve,4
SV-S8-C3,10.6,0,0,0,0,0,0,78,12012.9541,0.200644493,154.9060364,0.527265728,TallEuc,ModifiedNative,4
SV-S8-C3_S1,11.4,0,0,0,0,0,0,103,11560.95313,0.218105972,120.7700729,0.533040226,TallEuc,Reserve,4
SV-S8-C4,10.1,0,0,0,17,0,29,82,13027.88672,0.262964219,240.0110626,0.526596665,Shurbland,ModifiedNative,8
SV-S8-C4_S1,10.1,0,0,0,1,0,5,82,13027.88672,0.262964219,240.0110626,0.526596665,Shurbland,ModifiedNative,8
SV-S8-C5,8.8,0,0,0,0,0,0,50,8161.191895,0.235623926,345.8401489,0.51717627,TallEuc,ModifiedNative,4
SV-S9-C1,16,8,0,0,26,0,4,71,7842.824219,0.209719226,154.0033722,0.527991772,Rainforest,Reserve,4
SV-S9-C1_S1,16,0,0,0,0,0,0,71,7842.824219,0.209719226,154.0033722,0.527991772,Rainforest,Reserve,4
SV-S9-C2_S1,16.8,0,0,0,7,0,3,27,7980.173828,0.198835313,234.9850922,0.521041572,Woodland,Reserve,4
SV-S9-C2_S2-6,16.8,25,0,0,35,0,9,60,8198.739258,0.209594831,400.7539673,0.51071167,Woodland,Reserve,4
SV-S9-C3,15.7,0,0,0,0,0,0,21,8907.959961,0.197793171,223.7448425,0.521830618,Rainforest,Reserve,4
SV-S9-C3_S1,15.7,0,0,0,0,0,0,42,8861.584961,0.199577019,192.7327271,0.524479151,Woodland,Reserve,4
SV-S9-C4,16.6,0,0,0,0,0,0,212,9973.848633,0.254816532,431.7098389,0.500140905,TallEuc,Reserve,4
